__v,_id,reportedPercent,truePercent,visType
0,604a2b382694b50a645e9ab8,35,0.46415888336127786,Type5
0,604a2b412694b50a645e9ab9,30,0.26101572156825364,Type4
0,604a2b452694b50a645e9aba,70,0.6812920690579612,Type5
0,604a2b4e2694b50a645e9abb,46,0.3831186849557287,Type1
0,604a2b522694b50a645e9abc,39,0.26101572156825364,Type1
0,604a2b592694b50a645e9abd,83,0.8254041852680183,Type3
0,604a2b5f2694b50a645e9abe,33,0.26101572156825364,Type3
0,604a2b642694b50a645e9abf,71,0.46415888336127786,Type4
0,604a2b692694b50a645e9ac0,20,0.26101572156825364,Type5
0,604a2b6f2694b50a645e9ac1,33,0.26101572156825364,Type2
0,604a2b762694b50a645e9ac2,91,0.8254041852680185,Type2
0,604a2b7b2694b50a645e9ac3,47,0.3831186849557287,Type2
0,604a2b812694b50a645e9ac4,63,0.6812920690579612,Type2
0,604a2b862694b50a645e9ac5,50,0.46415888336127786,Type1
0,604a2b8f2694b50a645e9ac6,82,0.8254041852680184,Type3
0,604a2b952694b50a645e9ac7,40,0.3831186849557287,Type3
0,604a2b9e2694b50a645e9ac8,55,0.46415888336127786,Type3
0,604a2ba22694b50a645e9ac9,81,0.8254041852680183,Type2
0,604a2bab2694b50a645e9aca,68,0.6812920690579612,Type3
0,604a2bb12694b50a645e9acb,46,0.3831186849557287,Type4
0,604a2bba2694b50a645e9acc,70,0.6812920690579612,Type4
0,604a2bc02694b50a645e9acd,67,0.8254041852680183,Type4
0,604a2bc92694b50a645e9ace,55,0.46415888336127786,Type3
0,604a2bcf2694b50a645e9acf,52,0.46415888336127786,Type2
0,604a2bd52694b50a645e9ad0,85,0.8254041852680184,Type5
0,604a2bdd2694b50a645e9ad1,88,0.8254041852680184,Type1
0,604a2be32694b50a645e9ad2,89,0.8254041852680184,Type2
0,604a2be82694b50a645e9ad3,78,0.8254041852680183,Type3
0,604a2bee2694b50a645e9ad4,84,0.8254041852680183,Type5
0,604a2bf42694b50a645e9ad5,92,0.8254041852680185,Type1
0,604a2bf92694b50a645e9ad6,87,0.8254041852680183,Type1
0,604a2bff2694b50a645e9ad7,30,0.3831186849557287,Type5
0,604a2c052694b50a645e9ad8,92,0.8254041852680183,Type4
0,604a2c0b2694b50a645e9ad9,95,0.8254041852680185,Type4
0,604a2c102694b50a645e9ada,90,0.8254041852680184,Type3
0,604a2c172694b50a645e9adb,85,0.8254041852680184,Type4
0,604a2c1e2694b50a645e9adc,48,0.46415888336127786,Type4
0,604a2c222694b50a645e9add,95,0.8254041852680185,Type5
0,604a2c262694b50a645e9ade,95,0.8254041852680185,Type3
0,604a2c2d2694b50a645e9adf,47,0.46415888336127786,Type1
0,604a2c322694b50a645e9ae0,70,0.6812920690579612,Type1
0,604a2c372694b50a645e9ae1,85,0.8254041852680183,Type1
0,604a2c3b2694b50a645e9ae2,85,0.8254041852680184,Type5
0,604a2c412694b50a645e9ae3,95,0.8254041852680184,Type4
0,604a2c462694b50a645e9ae4,37,0.46415888336127786,Type5
0,604a2c4d2694b50a645e9ae5,90,0.8254041852680183,Type5
0,604a2c522694b50a645e9ae6,50,0.46415888336127786,Type2
0,604a2c592694b50a645e9ae7,85,0.8254041852680183,Type2
0,604a2c602694b50a645e9ae8,90,0.8254041852680184,Type1
0,604a2c642694b50a645e9ae9,95,0.8254041852680184,Type2
0,604a2c6d2694b50a645e9aea,35,0.24349139219186144,Type7
0,604a2c702694b50a645e9aeb,30,0.16409633703727006,Type7
0,604a2c762694b50a645e9aec,30,0.2591190032254133,Type6
0,604a2c7b2694b50a645e9aed,48,0.34543159516191674,Type7
0,604a2c802694b50a645e9aee,26,0.30170654366357447,Type6
0,604a2c8b2694b50a645e9aef,40,0.34543159516191674,Type6
0,604a2c8f2694b50a645e9af0,60,0.5559465720801742,Type7
0,604a2c952694b50a645e9af1,40,0.525507795471786,Type6
0,604a2c9c2694b50a645e9af2,33,0.2591190032254133,Type7
0,604a2ca22694b50a645e9af3,20,0.16409633703727006,Type6
0,604a2ca72694b50a645e9af4,65,0.525507795471786,Type7
0,604a2cad2694b50a645e9af5,47,0.5559465720801742,Type6
0,604a2cb32694b50a645e9af6,20,0.22247256068861804,Type6
0,604a2cb82694b50a645e9af7,35,0.3881814315913406,Type6
0,604a2cbf2694b50a645e9af8,40,0.30170654366357447,Type7
0,604a2cc32694b50a645e9af9,48,0.3881814315913406,Type7
0,604a2cc72694b50a645e9afa,25,0.22247256068861804,Type7
0,604a2ccd2694b50a645e9afb,10,0.10329137893845086,Type7
0,604a2cd12694b50a645e9afc,10,0.10329137893845086,Type6
0,604a2cd62694b50a645e9afd,18,0.24349139219186144,Type6
0,604a2edd2694b50a645e9afe,85,0.8254041852680184,Type3
0,604a2f102694b50a645e9aff,75,0.8254041852680184,Type4
0,604a2f392694b50a645e9b00,65,0.5623413251903491,Type5
0,604a2f5a2694b50a645e9b01,40,0.26101572156825364,Type3
0,604a2f6c2694b50a645e9b02,50,0.5623413251903491,Type2
0,604a2f732694b50a645e9b03,35,0.17782794100389226,Type5
0,604a2f9d2694b50a645e9b04,90,0.8254041852680185,Type4
0,604a2fa42694b50a645e9b05,90,0.8254041852680184,Type2
0,604a2faa2694b50a645e9b06,60,0.5623413251903491,Type4
0,604a2fb02694b50a645e9b07,60,0.5623413251903491,Type3
0,604a2fb62694b50a645e9b08,30,0.3162277660168379,Type2
0,604a2fbf2694b50a645e9b09,65,0.6812920690579612,Type4
0,604a2fc82694b50a645e9b0a,95,0.8254041852680183,Type3
0,604a2fd32694b50a645e9b0b,77,0.8254041852680183,Type5
0,604a2fd92694b50a645e9b0c,45,0.3162277660168379,Type4
0,604a2fe42694b50a645e9b0d,80,0.6812920690579612,Type2
0,604a2fe92694b50a645e9b0e,95,0.8254041852680183,Type2
0,604a2fee2694b50a645e9b0f,20,0.17782794100389226,Type4
0,604a2ff82694b50a645e9b10,80,0.6812920690579612,Type3
0,604a30022694b50a645e9b11,80,0.6812920690579612,Type2
0,604a30072694b50a645e9b12,90,0.8254041852680183,Type1
0,604a300d2694b50a645e9b13,40,0.3162277660168379,Type1
0,604a301e2694b50a645e9b14,25,0.17782794100389226,Type3
0,604a30242694b50a645e9b15,90,0.8254041852680183,Type4
0,604a302a2694b50a645e9b16,20,0.26101572156825364,Type5
0,604a307c2694b50a645e9b17,85,0.8254041852680184,Type3
0,604a30822694b50a645e9b18,60,0.5623413251903491,Type1
0,604a30902694b50a645e9b19,20,0.17782794100389226,Type2
0,604a30942694b50a645e9b1a,35,0.3162277660168379,Type5
0,604a30992694b50a645e9b1b,25,0.26101572156825364,Type4
0,604a30a52694b50a645e9b1c,85,0.8254041852680184,Type5
0,604a30b52694b50a645e9b1d,40,0.3162277660168379,Type3
0,604a30e62694b50a645e9b1e,65,0.6812920690579612,Type1
0,604a313c2694b50a645e9b1f,60,0.6812920690579612,Type4
0,604a31482694b50a645e9b20,50,0.6812920690579612,Type5
0,604a31532694b50a645e9b21,80,0.26101572156825364,Type2
0,604a31602694b50a645e9b22,25,0.26101572156825364,Type1
0,604a31652694b50a645e9b23,95,0.8254041852680184,Type2
0,604a31692694b50a645e9b24,70,0.6812920690579612,Type1
0,604a31702694b50a645e9b25,85,0.8254041852680184,Type1
0,604a317d2694b50a645e9b26,70,0.6812920690579612,Type3
0,604a31822694b50a645e9b27,60,0.6812920690579612,Type5
0,604a318c2694b50a645e9b28,30,0.17782794100389226,Type1
0,604a31a32694b50a645e9b29,85,0.8254041852680184,Type1
0,604a31ae2694b50a645e9b2a,70,0.8254041852680184,Type5
0,604a31b22694b50a645e9b2b,90,0.8254041852680184,Type4
0,604a31bb2694b50a645e9b2c,95,0.8254041852680185,Type3
0,604a31c12694b50a645e9b2d,95,0.8254041852680185,Type2
0,604a31c92694b50a645e9b2e,95,0.8254041852680185,Type5
0,604a31cf2694b50a645e9b2f,90,0.8254041852680185,Type1
0,604a31eb2694b50a645e9b30,20,0.17254645085358594,Type7
0,604a32002694b50a645e9b31,20,0.17254645085358594,Type6
0,604a32062694b50a645e9b32,25,0.17722022198917642,Type7
0,604a32102694b50a645e9b33,25,0.17722022198917642,Type6
0,604a321f2694b50a645e9b34,45,0.40905170396725254,Type7
0,604a32272694b50a645e9b35,30,0.2356878120063591,Type7
0,604a322d2694b50a645e9b36,20,0.15654408368329345,Type6
0,604a32372694b50a645e9b37,20,0.15842038560797767,Type6
0,604a323f2694b50a645e9b38,20,0.15842038560797767,Type7
0,604a324c2694b50a645e9b39,25,0.15654408368329345,Type7
0,604a325e2694b50a645e9b3a,50,0.40905170396725254,Type6
0,604a32682694b50a645e9b3b,25,0.2356878120063591,Type6
0,604a326b2694b50a645e9b3c,20,0.15163099803156252,Type7
0,604a326f2694b50a645e9b3d,20,0.0973300306182897,Type6
0,604a32742694b50a645e9b3e,55,0.6164499902212615,Type6
0,604a32802694b50a645e9b3f,15,0.0973300306182897,Type7
0,604a328a2694b50a645e9b40,20,0.15163099803156252,Type6
0,604a328e2694b50a645e9b41,15,0.110659617145499,Type6
0,604a32942694b50a645e9b42,70,0.6164499902212615,Type7
0,604a32982694b50a645e9b43,20,0.110659617145499,Type7
0,604a4ebc2694b50a645e9b44,23,0.3831186849557287,Type2
0,604a4ed32694b50a645e9b45,85,0.8254041852680183,Type5
0,604a4edf2694b50a645e9b46,79,0.6812920690579612,Type3
0,604a4ee82694b50a645e9b47,74,0.6812920690579612,Type2
0,604a4eee2694b50a645e9b48,48,0.464158883361278,Type2
0,604a4ef42694b50a645e9b49,39,0.3831186849557287,Type3
0,604a4ef92694b50a645e9b4a,78,0.6812920690579612,Type3
0,604a4f002694b50a645e9b4b,60,0.8254041852680184,Type4
0,604a4f082694b50a645e9b4c,88,0.8254041852680183,Type3
0,604a4f0e2694b50a645e9b4d,40,0.5623413251903491,Type4
0,604a4f152694b50a645e9b4e,80,0.8254041852680185,Type1
0,604a4f1b2694b50a645e9b4f,78,0.8254041852680184,Type2
0,604a4f1f2694b50a645e9b50,66,0.5623413251903491,Type3
0,604a4f232694b50a645e9b51,40,0.464158883361278,Type3
0,604a4f2b2694b50a645e9b52,49,0.6812920690579612,Type5
0,604a4f352694b50a645e9b53,45,0.5623413251903491,Type5
0,604a4f392694b50a645e9b54,30,0.464158883361278,Type5
0,604a4f3d2694b50a645e9b55,45,0.464158883361278,Type1
0,604a4f412694b50a645e9b56,60,0.6812920690579612,Type1
0,604a4f462694b50a645e9b57,40,0.3831186849557287,Type1
0,604a4f492694b50a645e9b58,30,0.464158883361278,Type4
0,604a4f4e2694b50a645e9b59,60,0.5623413251903491,Type2
0,604a4f532694b50a645e9b5a,75,0.6812920690579612,Type2
0,604a4f592694b50a645e9b5b,78,0.8254041852680184,Type5
0,604a4f602694b50a645e9b5c,80,0.8254041852680184,Type1
0,604a4f712694b50a645e9b5d,70,0.8254041852680184,Type4
0,604a4f752694b50a645e9b5e,80,0.8254041852680184,Type3
0,604a4f782694b50a645e9b5f,90,0.8254041852680184,Type1
0,604a4f7c2694b50a645e9b60,66,0.6812920690579612,Type4
0,604a4f822694b50a645e9b61,60,0.6812920690579612,Type1
0,604a4f892694b50a645e9b62,70,0.6812920690579612,Type4
0,604a4f8c2694b50a645e9b63,80,0.8254041852680185,Type5
0,604a4f912694b50a645e9b64,85,0.8254041852680184,Type3
0,604a4f962694b50a645e9b65,91,0.8254041852680185,Type4
0,604a4f992694b50a645e9b66,20,0.3831186849557287,Type5
0,604a4fa12694b50a645e9b67,78,0.8254041852680183,Type4
0,604a4fac2694b50a645e9b68,30,0.3831186849557287,Type4
0,604a4faf2694b50a645e9b69,65,0.6812920690579612,Type5
0,604a4fb62694b50a645e9b6a,90,0.8254041852680185,Type2
0,604a4fbd2694b50a645e9b6b,70,0.8254041852680183,Type2
0,604a4fc12694b50a645e9b6c,60,0.8254041852680185,Type3
0,604a4fca2694b50a645e9b6d,30,0.2610157215682537,Type1
0,604a4fd32694b50a645e9b6e,20,0.2610157215682537,Type2
0,604a4fd72694b50a645e9b6f,78,0.8254041852680183,Type1
0,604a4fdd2694b50a645e9b70,23,0.2610157215682537,Type3
0,604a4fe12694b50a645e9b71,60,0.5623413251903491,Type1
0,604a4fe62694b50a645e9b72,85,0.8254041852680184,Type2
0,604a4fea2694b50a645e9b73,25,0.2610157215682537,Type4
0,604a4fee2694b50a645e9b74,80,0.8254041852680184,Type5
0,604a4ff12694b50a645e9b75,15,0.2610157215682537,Type5
0,604a4ffe2694b50a645e9b76,40,0.5315740409623899,Type6
0,604a50052694b50a645e9b77,20,0.11768917435811288,Type7
0,604a500a2694b50a645e9b78,30,0.2062694000055666,Type7
0,604a500e2694b50a645e9b79,20,0.2062694000055666,Type6
0,604a50142694b50a645e9b7a,30,0.3460491520614204,Type6
0,604a50172694b50a645e9b7b,30,0.3460491520614204,Type7
0,604a501b2694b50a645e9b7c,20,0.2210832957498924,Type7
0,604a50202694b50a645e9b7d,20,0.2210832957498924,Type6
0,604a50252694b50a645e9b7e,18,0.19044564684650533,Type6
0,604a50292694b50a645e9b7f,15,0.11768917435811288,Type6
0,604a502e2694b50a645e9b80,17,0.19044564684650533,Type7
0,604a50322694b50a645e9b81,56,0.5315740409623899,Type7
0,604a50382694b50a645e9b82,23,0.3032889844856008,Type6
0,604a503f2694b50a645e9b83,44,0.368373232841714,Type7
0,604a50432694b50a645e9b84,68,0.6447902322193709,Type7
0,604a50502694b50a645e9b85,80,0.7017490965371288,Type6
0,604a50532694b50a645e9b86,83,0.6447902322193709,Type6
0,604a50582694b50a645e9b87,35,0.3032889844856008,Type7
0,604a505f2694b50a645e9b88,35,0.368373232841714,Type6
0,604a50642694b50a645e9b89,75,0.7017490965371288,Type7
0,604a53bc2694b50a645e9b8a,40,0.3831186849557287,Type3
0,604a53cb2694b50a645e9b8b,65,0.5623413251903491,Type3
0,604a53dd2694b50a645e9b8c,40,0.46415888336127786,Type5
0,604a53e62694b50a645e9b8d,35,0.38311868495572876,Type1
0,604a53f42694b50a645e9b8e,45,0.38311868495572876,Type2
0,604a53fc2694b50a645e9b8f,40,0.3831186849557287,Type2
0,604a54032694b50a645e9b90,80,0.8254041852680186,Type1
0,604a54082694b50a645e9b91,50,0.46415888336127786,Type3
0,604a540f2694b50a645e9b92,35,0.46415888336127786,Type4
0,604a54132694b50a645e9b93,95,0.8254041852680184,Type2
0,604a541c2694b50a645e9b94,75,0.8254041852680183,Type4
0,604a54222694b50a645e9b95,90,0.8254041852680183,Type3
0,604a54292694b50a645e9b96,45,0.46415888336127786,Type1
0,604a54332694b50a645e9b97,60,0.6812920690579612,Type5
0,604a54382694b50a645e9b98,80,0.8254041852680183,Type1
0,604a54412694b50a645e9b99,40,0.46415888336127786,Type2
0,604a54452694b50a645e9b9a,95,0.8254041852680184,Type1
0,604a54492694b50a645e9b9b,30,0.3831186849557287,Type5
0,604a544c2694b50a645e9b9c,90,0.8254041852680183,Type2
0,604a54572694b50a645e9b9d,75,0.6812920690579612,Type2
0,604a545d2694b50a645e9b9e,40,0.3831186849557287,Type1
0,604a54612694b50a645e9b9f,90,0.8254041852680184,Type5
0,604a54662694b50a645e9ba0,85,0.8254041852680183,Type5
0,604a546e2694b50a645e9ba1,80,0.8254041852680186,Type4
0,604a54712694b50a645e9ba2,90,0.8254041852680186,Type2
0,604a54782694b50a645e9ba3,80,0.6812920690579612,Type4
0,604a55b52694b50a645e9ba4,80,0.8254041852680186,Type3
0,604a55bc2694b50a645e9ba5,40,0.38311868495572876,Type3
0,604a55c12694b50a645e9ba6,55,0.5623413251903491,Type1
0,604a55c72694b50a645e9ba7,25,0.38311868495572876,Type4
0,604a55d22694b50a645e9ba8,40,0.38311868495572876,Type3
0,604a55ed2694b50a645e9ba9,40,0.38311868495572876,Type5
0,604a55f32694b50a645e9baa,90,0.8254041852680184,Type4
0,604a55f92694b50a645e9bab,25,0.3831186849557287,Type4
0,604a55fd2694b50a645e9bac,70,0.8254041852680186,Type5
0,604a56042694b50a645e9bad,40,0.38311868495572876,Type3
0,604a56102694b50a645e9bae,55,0.5623413251903491,Type4
0,604a56152694b50a645e9baf,85,0.6812920690579612,Type3
0,604a561e2694b50a645e9bb0,80,0.8254041852680184,Type3
0,604a56242694b50a645e9bb1,75,0.5623413251903491,Type2
0,604a56312694b50a645e9bb2,66.7,0.6812920690579612,Type1
0,604a563c2694b50a645e9bb3,33.3,0.38311868495572876,Type4
0,604a56452694b50a645e9bb4,53,0.5623413251903491,Type5
0,604a564c2694b50a645e9bb5,42,0.38311868495572876,Type1
0,604a56532694b50a645e9bb6,37,0.38311868495572876,Type1
0,604a56612694b50a645e9bb7,30,0.38311868495572876,Type5
0,604a56662694b50a645e9bb8,33,0.38311868495572876,Type4
0,604a566b2694b50a645e9bb9,40,0.38311868495572876,Type2
0,604a56862694b50a645e9bba,40,0.38311868495572876,Type2
0,604a568e2694b50a645e9bbb,40,0.38311868495572876,Type5
0,604a56962694b50a645e9bbc,10,0.11144072250963367,Type7
0,604a56a72694b50a645e9bbd,15,0.1623881211585812,Type6
0,604a56ae2694b50a645e9bbe,30,0.24856004035629686,Type7
0,604a56b22694b50a645e9bbf,10,0.11144072250963367,Type6
0,604a56b62694b50a645e9bc0,15,0.24856004035629686,Type6
0,604a56bf2694b50a645e9bc1,15,0.1623881211585812,Type7
0,604a56c42694b50a645e9bc2,15,0.13472718106971515,Type6
0,604a56ca2694b50a645e9bc3,18,0.16744237036045448,Type7
0,604a56ce2694b50a645e9bc4,10,0.08749405855958022,Type6
0,604a56d02694b50a645e9bc5,15,0.1955727010908956,Type6
0,604a56d62694b50a645e9bc6,10,0.08749405855958022,Type7
0,604a56d92694b50a645e9bc7,15,0.16744237036045448,Type6
0,604a56e02694b50a645e9bc8,65,0.5719110049821797,Type7
0,604a56e82694b50a645e9bc9,25,0.306762263499617,Type6
0,604a56ee2694b50a645e9bca,20,0.1955727010908956,Type7
0,604a56f82694b50a645e9bcb,65,0.6361051621273142,Type6
0,604a56fc2694b50a645e9bcc,60,0.5719110049821797,Type6
0,604a57072694b50a645e9bcd,15,0.13472718106971515,Type7
0,604a570d2694b50a645e9bce,30,0.306762263499617,Type7
0,604a57172694b50a645e9bcf,67,0.6361051621273142,Type7
0,604a71262694b50a645e9bd0,50,0.6812920690579612,Type2
0,604afe552694b50a645e9bd1,40,0.464158883361278,Type4
0,604afe762694b50a645e9bd2,35,0.38311868495572876,Type1
0,604b00832694b50a645e9bd3,45,0.46415888336127786,Type3
0,604b00902694b50a645e9bd4,31,0.3162277660168379,Type1
0,604b00aa2694b50a645e9bd5,25,0.3162277660168379,Type2
0,604b00af2694b50a645e9bd6,65,0.5623413251903491,Type1
0,604b13fa2694b50a645e9bd7,60,0.8254041852680184,Type5
0,604b13ff2694b50a645e9bd8,100,0.8254041852680184,Type2
0,604b14032694b50a645e9bd9,100,0.17782794100389226,Type1
0,604b14602694b50a645e9bda,70,0.8254041852680184,Type4
0,604b15162694b50a645e9bdb,65,0.5623413251903491,Type4
0,604b151b2694b50a645e9bdc,25,0.17782794100389226,Type1
0,604b15232694b50a645e9bdd,25,0.2154434690031884,Type1
0,604b152a2694b50a645e9bde,28,0.2154434690031884,Type3
0,604b15312694b50a645e9bdf,60,0.8254041852680183,Type2
0,604b15362694b50a645e9be0,45,0.2154434690031884,Type2
0,604b153c2694b50a645e9be1,35,0.2154434690031884,Type4
0,604b15412694b50a645e9be2,50,0.6812920690579612,Type4
0,604b15502694b50a645e9be3,40,0.2154434690031884,Type5
0,604b155a2694b50a645e9be4,41,0.17782794100389226,Type5
0,604b15a12694b50a645e9be5,75,0.8254041852680184,Type3
0,604b15a52694b50a645e9be6,70,0.6812920690579612,Type1
0,604b15a82694b50a645e9be7,65,0.6812920690579612,Type3
0,604b15ae2694b50a645e9be8,40,0.38311868495572876,Type1
0,604b15b82694b50a645e9be9,45,0.17782794100389226,Type4
0,604b15c12694b50a645e9bea,60,0.2610157215682537,Type2
0,604b15c42694b50a645e9beb,55,0.38311868495572876,Type4
0,604b15c82694b50a645e9bec,65,0.5623413251903491,Type2
0,604b15d12694b50a645e9bed,45,0.3162277660168379,Type4
0,604b15d52694b50a645e9bee,90,0.8254041852680183,Type4
0,604b15da2694b50a645e9bef,20,0.17782794100389226,Type3
0,604b15e02694b50a645e9bf0,75,0.6812920690579612,Type3
0,604b15ea2694b50a645e9bf1,58,0.5623413251903491,Type1
0,604b15fe2694b50a645e9bf2,58,0.5623413251903491,Type5
0,604b16062694b50a645e9bf3,40,0.38311868495572876,Type3
0,604b160b2694b50a645e9bf4,55,0.38311868495572876,Type5
0,604b16172694b50a645e9bf5,58,0.6812920690579612,Type5
0,604b161c2694b50a645e9bf6,55,0.5623413251903491,Type3
0,604b16232694b50a645e9bf7,60,0.6812920690579612,Type2
0,604b16272694b50a645e9bf8,85,0.8254041852680183,Type3
0,604b162c2694b50a645e9bf9,30,0.2610157215682537,Type1
0,604b16302694b50a645e9bfa,80,0.6812920690579612,Type2
0,604b163e2694b50a645e9bfb,70,0.6812920690579612,Type5
0,604b16442694b50a645e9bfc,60,0.6812920690579612,Type4
0,604b16f92694b50a645e9bfd,35,0.3031191791821058,Type7
0,604b16fe2694b50a645e9bfe,30,0.273355262414109,Type7
0,604b17022694b50a645e9bff,15,0.12787403210373752,Type6
0,604b17072694b50a645e9c00,15,0.12787403210373752,Type7
0,604b17192694b50a645e9c01,17,0.11878945699999757,Type7
0,604b17202694b50a645e9c02,30,0.2717617546864279,Type7
0,604b23592694b50a645e9c03,50,0.6812920690579612,Type2
0,604b683c2694b50a645e9c05,40,0.3831186849557287,Type3
0,604b68492694b50a645e9c06,75,0.6812920690579612,Type1
0,604b68612694b50a645e9c07,66,0.6812920690579612,Type3
0,604b69192694b50a645e9c08,33,0.3831186849557287,Type4
0,604b69442694b50a645e9c09,50,0.6812920690579612,Type5
0,604b694c2694b50a645e9c0a,33,0.3831186849557287,Type2
0,604b696b2694b50a645e9c0b,66,0.6812920690579612,Type3
0,604b6a2d2694b50a645e9c0c,40,0.3831186849557288,Type4
0,604b6a462694b50a645e9c0d,40,0.3831186849557288,Type1
0,604b6a4f2694b50a645e9c0e,33,0.3831186849557288,Type2
0,604b6a572694b50a645e9c0f,50,0.5623413251903491,Type2
0,604b6a5d2694b50a645e9c10,40,0.464158883361278,Type1
0,604b6a642694b50a645e9c11,33,0.38311868495572876,Type5
0,604b6a6d2694b50a645e9c12,60,0.5623413251903491,Type3
0,604b6a772694b50a645e9c13,60,0.6812920690579612,Type4
0,604b6a8a2694b50a645e9c14,80,0.8254041852680184,Type2
0,604b6a942694b50a645e9c15,33,0.38311868495572876,Type5
0,604b6a992694b50a645e9c16,50,0.5623413251903491,Type4
0,604b6b662694b50a645e9c17,60,0.5604795858456711,Type6
0,604b6b722694b50a645e9c18,50,0.523387007713613,Type6
0,604b6b7b2694b50a645e9c19,55,0.523387007713613,Type7
0,604b6cb62694b50a645e9c1a,80,0.8254041852680184,Type4
0,604b6cd62694b50a645e9c1b,23,0.3831186849557287,Type4
0,604b6cdb2694b50a645e9c1c,38,0.6812920690579612,Type5
0,604b6ce12694b50a645e9c1d,38,0.6812920690579612,Type5
0,604b6ce82694b50a645e9c1e,42,0.5623413251903491,Type5
0,604b6cf22694b50a645e9c1f,23,0.3831186849557287,Type2
0,604b6cf72694b50a645e9c20,21,0.3831186849557287,Type5
0,604b6cfc2694b50a645e9c21,62,0.8254041852680184,Type5
0,604b6d022694b50a645e9c22,63,0.6812920690579612,Type2
0,604b6d082694b50a645e9c23,67,0.6812920690579612,Type5
0,604b6d0e2694b50a645e9c24,32,0.3831186849557287,Type2
0,604b6d162694b50a645e9c25,48,0.46415888336127786,Type3
0,604b6d1c2694b50a645e9c26,78,0.8254041852680184,Type2
0,604b6d222694b50a645e9c27,56,0.5623413251903491,Type3
0,604b6d272694b50a645e9c28,46,0.46415888336127786,Type2
0,604b6d2f2694b50a645e9c29,55,0.5623413251903491,Type1
0,604b6d392694b50a645e9c2a,79,0.8254041852680184,Type3
0,604b6d3e2694b50a645e9c2b,32,0.46415888336127786,Type5
0,604b6d432694b50a645e9c2c,89,0.8254041852680184,Type3
0,604b6d4a2694b50a645e9c2d,78,0.8254041852680184,Type1
0,604b6d502694b50a645e9c2e,43,0.3831186849557287,Type3
0,604b6d552694b50a645e9c2f,34,0.3831186849557287,Type1
0,604b6d5b2694b50a645e9c30,34,0.3162277660168379,Type3
0,604b6d622694b50a645e9c31,17,0.3162277660168379,Type4
0,604b6d6a2694b50a645e9c32,53,0.5623413251903491,Type2
0,604b6d712694b50a645e9c33,67,0.6812920690579612,Type1
0,604b6d782694b50a645e9c34,66,0.6812920690579612,Type3
0,604b6d7d2694b50a645e9c35,88,0.8254041852680184,Type4
0,604b6d802694b50a645e9c36,67,0.6812920690579612,Type2
0,604b6d852694b50a645e9c37,60,0.8254041852680184,Type5
0,604b6d892694b50a645e9c38,89,0.8254041852680184,Type1
0,604b6d8d2694b50a645e9c39,34,0.5623413251903491,Type4
0,604b6d922694b50a645e9c3a,78,0.8254041852680184,Type2
0,604b6d992694b50a645e9c3b,57,0.6812920690579612,Type1
0,604b6d9e2694b50a645e9c3c,66,0.6812920690579612,Type4
0,604b6da22694b50a645e9c3d,54,0.46415888336127786,Type1
0,604b6da72694b50a645e9c3e,34,0.3831186849557287,Type1
0,604b6dad2694b50a645e9c3f,67,0.6812920690579612,Type2
0,604b6dba2694b50a645e9c40,40,0.46415888336127786,Type4
0,604b6dbe2694b50a645e9c41,25,0.3162277660168379,Type1
0,604b6dc22694b50a645e9c42,20,0.3831186849557287,Type4
0,604b6dc52694b50a645e9c43,66,0.6812920690579612,Type1
0,604b6dca2694b50a645e9c44,60,0.6812920690579612,Type3
0,604b6ddb2694b50a645e9c45,28,0.3831186849557287,Type5
0,604b6de32694b50a645e9c46,67,0.6812920690579612,Type4
0,604b6de82694b50a645e9c47,50,0.6812920690579612,Type4
0,604b6ded2694b50a645e9c48,67,0.6812920690579612,Type3
0,604b6df82694b50a645e9c49,29,0.3162277660168379,Type2
0,604b6dfe2694b50a645e9c4a,20,0.3162277660168379,Type5
0,604b6e032694b50a645e9c4b,43,0.3831186849557287,Type3
0,604b6e092694b50a645e9c4c,20,0.26140735952754135,Type6
0,604b6e0e2694b50a645e9c4d,55,0.5361924253641507,Type7
0,604b6e142694b50a645e9c4e,57,0.5558716752219642,Type7
0,604b6e182694b50a645e9c4f,46,0.39733124221714133,Type7
0,604b6e1b2694b50a645e9c50,57,0.5631933110165175,Type7
0,604b6e212694b50a645e9c51,67,0.5558716752219642,Type6
0,604b6e242694b50a645e9c52,10,0.1488502820205549,Type6
0,604b6e292694b50a645e9c53,57,0.5631933110165175,Type6
0,604b6e312694b50a645e9c54,61,0.5361924253641507,Type6
0,604b6e3b2694b50a645e9c55,40,0.39733124221714133,Type6
0,604b6e3e2694b50a645e9c56,10,0.08623110126502777,Type7
0,604b6e422694b50a645e9c57,20,0.18421228912687931,Type7
0,604b6e472694b50a645e9c58,30,0.26140735952754135,Type7
0,604b6e4f2694b50a645e9c59,18,0.18421228912687931,Type6
0,604b6e542694b50a645e9c5a,16,0.2278414433073869,Type6
0,604b6e5d2694b50a645e9c5b,18,0.1488502820205549,Type7
0,604b6e652694b50a645e9c5c,38,0.3228648810814305,Type6
0,604b6e702694b50a645e9c5d,10,0.08623110126502777,Type6
0,604b6e7b2694b50a645e9c5e,33,0.3228648810814305,Type7
0,604b6e862694b50a645e9c5f,29,0.2278414433073869,Type7
0,604b93fb2694b50a645e9c60,40,0.5623413251903491,Type3
0,604b94132694b50a645e9c61,60,0.5623413251903491,Type1
0,604b94562694b50a645e9c62,33,0.26101572156825364,Type2
0,604b945e2694b50a645e9c63,50,0.464158883361278,Type4
0,604b94bd2694b50a645e9c64,33,0.316227766016838,Type3
0,604b94d22694b50a645e9c65,33,0.3831186849557287,Type4
0,604b94ea2694b50a645e9c66,40,0.316227766016838,Type1
0,604b95082694b50a645e9c67,50,0.46415888336127786,Type1
0,604b95802694b50a645e9c68,45,0.3831186849557288,Type3
0,604b958d2694b50a645e9c69,25,0.26101572156825364,Type5
0,604b95bc2694b50a645e9c6a,45,0.3831186849557288,Type2
0,604b95d02694b50a645e9c6b,50,0.46415888336127786,Type3
0,604b95e92694b50a645e9c6c,45,0.46415888336127786,Type2
0,604b95f62694b50a645e9c6d,50,0.46415888336127786,Type4
0,604b96002694b50a645e9c6e,25,0.26101572156825364,Type3
0,604b960a2694b50a645e9c6f,25,0.26101572156825364,Type5
0,604b96112694b50a645e9c70,25,0.316227766016838,Type5
0,604b962b2694b50a645e9c71,50,0.46415888336127786,Type3
0,604b964a2694b50a645e9c72,40,0.46415888336127786,Type2
0,604b96682694b50a645e9c73,40,0.464158883361278,Type5
0,604b96b82694b50a645e9c74,25,0.26101572156825364,Type3
0,604b97072694b50a645e9c75,50,0.46415888336127786,Type3
0,604b97202694b50a645e9c76,80,0.464158883361278,Type3
0,604b972f2694b50a645e9c77,40,0.3831186849557287,Type5
0,604b97602694b50a645e9c78,30,0.316227766016838,Type4
0,604b976e2694b50a645e9c79,30,0.3831186849557287,Type3
0,604b97912694b50a645e9c7a,45,0.464158883361278,Type1
0,604b97a22694b50a645e9c7b,35,0.46415888336127786,Type5
0,604b97b42694b50a645e9c7c,40,0.46415888336127786,Type5
0,604b97bd2694b50a645e9c7d,30,0.5623413251903491,Type5
0,604b97ce2694b50a645e9c7e,45,0.46415888336127786,Type2
0,604b97d92694b50a645e9c7f,45,0.46415888336127786,Type1
0,604b97ec2694b50a645e9c80,50,0.5623413251903491,Type2
0,604b97f52694b50a645e9c81,25,0.3831186849557287,Type2
0,604b980d2694b50a645e9c82,25,0.26101572156825364,Type4
0,604b985a2694b50a645e9c83,47,0.3831186849557287,Type1
0,604b98822694b50a645e9c84,40,0.46415888336127786,Type5
0,604b988d2694b50a645e9c85,25,0.26101572156825364,Type4
0,604b989c2694b50a645e9c86,25,0.26101572156825364,Type1
0,604b98a82694b50a645e9c87,30,0.3831186849557288,Type4
0,604b98ba2694b50a645e9c88,25,0.46415888336127786,Type4
0,604b98c52694b50a645e9c89,20,0.26101572156825364,Type2
0,604b98d32694b50a645e9c8a,20,0.26101572156825364,Type1
0,604b98de2694b50a645e9c8b,35,0.464158883361278,Type2
0,604b98ed2694b50a645e9c8c,40,0.3831186849557288,Type1
0,604b98fa2694b50a645e9c8d,35,0.46415888336127786,Type4
0,604b99202694b50a645e9c8e,15,0.3831186849557288,Type5
0,604b99262694b50a645e9c8f,50,0.5623413251903491,Type4
0,604b992e2694b50a645e9c90,40,0.46415888336127786,Type1
0,604b99392694b50a645e9c91,20,0.316227766016838,Type2
0,604b994d2694b50a645e9c92,25,0.22300227153910762,Type7
0,604b99672694b50a645e9c93,35,0.32823855761897186,Type7
0,604b99712694b50a645e9c94,25,0.24262725614813943,Type7
0,604b997c2694b50a645e9c95,25,0.2359318631724789,Type7
0,604b998f2694b50a645e9c96,15,0.22300227153910762,Type6
0,604b99d22694b50a645e9c97,25,0.32823855761897186,Type6
0,604b99ff2694b50a645e9c98,25,0.24262725614813943,Type6
0,604b9a072694b50a645e9c99,15,0.1448444349374406,Type6
0,604b9a132694b50a645e9c9a,10,0.1448444349374406,Type7
0,604b9a192694b50a645e9c9b,30,0.3160304750754319,Type7
0,604b9a2b2694b50a645e9c9c,40,0.3802859563820524,Type6
0,604b9a382694b50a645e9c9d,45,0.3802859563820524,Type7
0,604b9a3f2694b50a645e9c9e,25,0.2359318631724789,Type6
0,604b9a582694b50a645e9c9f,75,0.6153786689307555,Type6
0,604b9a662694b50a645e9ca0,20,0.22653481049316687,Type7
0,604b9a732694b50a645e9ca1,65,0.6153786689307555,Type7
0,604b9a882694b50a645e9ca2,25,0.22653481049316687,Type6
0,604b9a912694b50a645e9ca3,35,0.28489152929645073,Type7
0,604b9a9d2694b50a645e9ca4,20,0.28489152929645073,Type6
0,604b9aa52694b50a645e9ca5,35,0.3160304750754319,Type6
0,604b9b1d2694b50a645e9ca6,25,0.46415888336127786,Type5
0,604b9b2e2694b50a645e9ca7,20,0.26101572156825364,Type2
0,604b9b3a2694b50a645e9ca8,60,0.46415888336127786,Type2
0,604b9b442694b50a645e9ca9,50,0.46415888336127786,Type3
0,604b9b4e2694b50a645e9caa,10,0.2154434690031884,Type4
0,604b9b5a2694b50a645e9cab,45,0.46415888336127786,Type1
0,604b9b662694b50a645e9cac,20,0.3831186849557287,Type4
0,604b9b802694b50a645e9cad,90,0.8254041852680183,Type5
0,604b9b8d2694b50a645e9cae,25,0.38311868495572876,Type5
0,604b9ba12694b50a645e9caf,65,0.6812920690579612,Type4
0,604b9bb72694b50a645e9cb0,45,0.46415888336127786,Type4
0,604b9bc12694b50a645e9cb1,15,0.26101572156825364,Type5
0,604b9bce2694b50a645e9cb2,25,0.3162277660168379,Type3
0,604b9be22694b50a645e9cb3,25,0.2154434690031884,Type3
0,604b9bea2694b50a645e9cb4,75,0.8254041852680183,Type1
0,604b9c062694b50a645e9cb5,85,0.8254041852680183,Type5
0,604b9c162694b50a645e9cb6,15,0.26101572156825364,Type3
0,604b9c222694b50a645e9cb7,25,0.2154434690031884,Type1
0,604b9c2b2694b50a645e9cb8,75,0.8254041852680183,Type4
0,604b9c422694b50a645e9cb9,70,0.6812920690579612,Type1
0,604b9c5a2694b50a645e9cba,30,0.3831186849557287,Type3
0,604b9c7e2694b50a645e9cbb,15,0.2154434690031884,Type5
0,604b9c892694b50a645e9cbc,15,0.2154434690031884,Type5
0,604b9c902694b50a645e9cbd,40,0.38311868495572876,Type4
0,604b9c9d2694b50a645e9cbe,80,0.8254041852680183,Type3
0,604b9ca62694b50a645e9cbf,90,0.38311868495572876,Type1
0,604b9ccb2694b50a645e9cc0,75,0.38311868495572876,Type3
0,604b9cd22694b50a645e9cc1,25,0.3831186849557287,Type5
0,604b9ce22694b50a645e9cc2,45,0.3831186849557287,Type1
0,604b9ced2694b50a645e9cc3,20,0.2154434690031884,Type3
0,604b9cf72694b50a645e9cc4,45,0.38311868495572876,Type2
0,604b9d0f2694b50a645e9cc5,35,0.3831186849557287,Type2
0,604b9d1b2694b50a645e9cc6,75,0.6812920690579612,Type2
0,604b9d212694b50a645e9cc7,25,0.26101572156825364,Type4
0,604b9d372694b50a645e9cc8,20,0.3162277660168379,Type5
0,604b9d612694b50a645e9cc9,35,0.3162277660168379,Type1
0,604b9d8e2694b50a645e9cca,90,0.8254041852680183,Type2
0,604b9da92694b50a645e9ccb,20,0.2154434690031884,Type4
0,604b9db32694b50a645e9ccc,90,0.8254041852680183,Type3
0,604b9dc32694b50a645e9ccd,80,0.8254041852680183,Type4
0,604b9dcb2694b50a645e9cce,95,0.8254041852680183,Type1
0,604b9dd12694b50a645e9ccf,25,0.3162277660168379,Type4
0,604b9dde2694b50a645e9cd0,20,0.2154434690031884,Type2
0,604b9de62694b50a645e9cd1,75,0.6812920690579612,Type3
0,604b9ded2694b50a645e9cd2,75,0.8254041852680183,Type2
0,604b9e122694b50a645e9cd3,15,0.2154434690031884,Type1
0,604b9e1b2694b50a645e9cd4,20,0.3162277660168379,Type2
0,604b9e222694b50a645e9cd5,75,0.6812920690579612,Type5
0,604b9e2b2694b50a645e9cd6,30,0.26101572156825364,Type1
0,604b9e362694b50a645e9cd7,20,0.2154434690031884,Type2
0,604b9e472694b50a645e9cd8,25,0.2778679196353764,Type6
0,604b9e512694b50a645e9cd9,75,0.409796123203563,Type7
0,604b9e5f2694b50a645e9cda,10,0.09625805343753263,Type6
0,604b9e682694b50a645e9cdb,20,0.20822374623502188,Type6
0,604b9e6f2694b50a645e9cdc,30,0.20822374623502188,Type7
0,604b9e772694b50a645e9cdd,10,0.09625805343753263,Type7
0,604b9e7f2694b50a645e9cde,30,0.3575392349016974,Type6
0,604b9e8f2694b50a645e9cdf,10,0.11783904528337756,Type6
0,604b9e952694b50a645e9ce0,10,0.11783904528337756,Type7
0,604b9ea52694b50a645e9ce1,30,0.2778679196353764,Type7
0,604b9ebb2694b50a645e9ce2,10,0.10689165467956215,Type6
0,604b9ec22694b50a645e9ce3,90,0.8024397154869308,Type6
0,604b9ec92694b50a645e9ce4,10,0.11004114863713459,Type6
0,604b9ed62694b50a645e9ce5,80,0.8024397154869308,Type7
0,604b9edc2694b50a645e9ce6,10,0.10689165467956215,Type7
0,604b9ee62694b50a645e9ce7,30,0.3575392349016974,Type7
0,604b9ef02694b50a645e9ce8,35,0.409796123203563,Type6
0,604b9ef52694b50a645e9ce9,30,0.31564336845187596,Type6
0,604b9efe2694b50a645e9cea,40,0.31564336845187596,Type7
0,604b9f022694b50a645e9ceb,10,0.11004114863713459,Type7
0,604b9f5c2694b50a645e9cec,46,0.38311868495572876,Type1
0,604b9f652694b50a645e9ced,65,0.6812920690579612,Type2
0,604b9f732694b50a645e9cee,48,0.46415888336127786,Type5
0,604b9f7a2694b50a645e9cef,48,0.46415888336127786,Type4
0,604b9f8d2694b50a645e9cf0,80,0.8254041852680183,Type4
0,604b9f9f2694b50a645e9cf1,86,0.8254041852680183,Type2
0,604b9fbf2694b50a645e9cf2,48,0.46415888336127786,Type2
0,604b9fd72694b50a645e9cf3,80,0.8254041852680183,Type1
0,604b9fed2694b50a645e9cf4,40,0.3831186849557287,Type4
0,604b9ff82694b50a645e9cf5,86,0.8254041852680183,Type5
0,604ba0062694b50a645e9cf6,75,0.6812920690579612,Type1
0,604ba00f2694b50a645e9cf7,70,0.6812920690579612,Type4
0,604ba01c2694b50a645e9cf8,45,0.46415888336127786,Type4
0,604ba0252694b50a645e9cf9,97,0.8254041852680183,Type2
0,604ba0392694b50a645e9cfa,25,0.26101572156825364,Type5
0,604ba03f2694b50a645e9cfb,98,0.8254041852680183,Type4
0,604ba0472694b50a645e9cfc,33,0.26101572156825364,Type4
0,604ba07c2694b50a645e9cfd,50,0.46415888336127786,Type3
0,604ba08b2694b50a645e9cfe,50,0.46415888336127786,Type2
0,604ba0962694b50a645e9cff,35,0.26101572156825364,Type1
0,604ba0a32694b50a645e9d00,48,0.46415888336127786,Type1
0,604ba0b42694b50a645e9d01,48,0.46415888336127786,Type4
0,604ba0cb2694b50a645e9d02,80,0.8254041852680183,Type3
0,604ba0d72694b50a645e9d03,75,0.6812920690579612,Type3
0,604ba0e32694b50a645e9d04,78,0.6812920690579612,Type5
0,604ba0ee2694b50a645e9d05,47,0.46415888336127786,Type1
0,604ba0f82694b50a645e9d06,48,0.46415888336127786,Type5
0,604ba10e2694b50a645e9d07,35,0.26101572156825364,Type3
0,604ba1202694b50a645e9d08,30,0.26101572156825364,Type2
0,604ba1282694b50a645e9d09,90,0.8254041852680183,Type5
0,604ba1362694b50a645e9d0a,50,0.46415888336127786,Type2
0,604ba1492694b50a645e9d0b,50,0.46415888336127786,Type3
0,604ba1702694b50a645e9d0c,70,0.6812920690579612,Type3
0,604ba19e2694b50a645e9d0d,45,0.46415888336127786,Type1
0,604ba1a42694b50a645e9d0e,45,0.3831186849557287,Type1
0,604ba1b52694b50a645e9d0f,47,0.3831186849557287,Type2
0,604ba1c22694b50a645e9d10,65,0.6812920690579612,Type4
0,604ba1c82694b50a645e9d11,25,0.3831186849557287,Type5
0,604ba1d02694b50a645e9d12,70,0.6812920690579612,Type1
0,604ba1e12694b50a645e9d13,35,0.3831186849557287,Type3
0,604ba1e72694b50a645e9d14,75,0.6812920690579612,Type2
0,604ba1f32694b50a645e9d15,50,0.6812920690579612,Type5
0,604ba2002694b50a645e9d16,48,0.46415888336127786,Type3
0,604ba2152694b50a645e9d17,50,0.46415888336127786,Type5
0,604ba2262694b50a645e9d18,90,0.8254041852680183,Type1
0,604ba35c2694b50a645e9d19,80,0.8254041852680183,Type3
0,604ba3622694b50a645e9d1a,33,0.38311868495572876,Type4
0,604ba3692694b50a645e9d1b,27,0.38311868495572876,Type5
0,604ba3722694b50a645e9d1c,40,0.38311868495572876,Type2
0,604ba37d2694b50a645e9d1d,45,0.38311868495572876,Type3
0,604ba3882694b50a645e9d1e,15,0.10374164743418753,Type6
0,604ba3912694b50a645e9d1f,30,0.3899724489837411,Type6
0,604ba3972694b50a645e9d20,15,0.08826502146093625,Type7
0,604ba3a02694b50a645e9d21,48,0.3899724489837411,Type7
0,604ba3a72694b50a645e9d22,48,0.4188983740258196,Type7
0,604ba3b62694b50a645e9d23,17,0.13018965707459895,Type6
0,604ba3c22694b50a645e9d24,13,0.08826502146093625,Type6
0,604ba3c82694b50a645e9d25,68,0.5646939143980411,Type7
0,604ba3d72694b50a645e9d26,48,0.4188983740258196,Type6
0,604ba3dc2694b50a645e9d27,50,0.5754654432850589,Type6
0,604ba4772694b50a645e9d28,40,0.211835853699406,Type7
0,604ba4842694b50a645e9d29,20,0.13018965707459895,Type7
0,604ba48a2694b50a645e9d2a,18,0.10374164743418753,Type7
0,604ba4962694b50a645e9d2b,12,0.094868783575969,Type7
0,604ba49c2694b50a645e9d2c,68,0.5754654432850589,Type7
0,604ba4a22694b50a645e9d2d,13,0.094868783575969,Type6
0,604ba4a82694b50a645e9d2e,35,0.3091928179756522,Type7
0,604ba4b12694b50a645e9d2f,50,0.5646939143980411,Type6
0,604ba4ca2694b50a645e9d30,23,0.211835853699406,Type6
0,604ba4d32694b50a645e9d31,28,0.3091928179756522,Type6
0,604ba4f42694b50a645e9d32,50,0.46415888336127786,Type1
0,604ba4fe2694b50a645e9d33,23,0.46415888336127786,Type5
0,604ba5062694b50a645e9d34,50,0.5623413251903491,Type2
0,604ba50d2694b50a645e9d35,53,0.5623413251903492,Type2
0,604ba5142694b50a645e9d36,48,0.3831186849557287,Type2
0,604ba5222694b50a645e9d37,37,0.3162277660168379,Type3
0,604ba5332694b50a645e9d38,54,0.5623413251903491,Type2
0,604ba53d2694b50a645e9d39,78,0.8254041852680183,Type3
0,604ba5442694b50a645e9d3a,80,0.8254041852680183,Type2
0,604ba54e2694b50a645e9d3b,50,0.46415888336127786,Type2
0,604ba5552694b50a645e9d3c,45,0.3831186849557287,Type4
0,604ba55c2694b50a645e9d3d,30,0.3162277660168379,Type1
0,604ba5632694b50a645e9d3e,55,0.5623413251903491,Type1
0,604ba5692694b50a645e9d3f,68,0.8254041852680183,Type5
0,604ba5732694b50a645e9d40,55,0.5623413251903491,Type3
0,604ba57e2694b50a645e9d41,52,0.562341325190349,Type5
0,604ba5882694b50a645e9d42,80,0.8254041852680183,Type1
0,604ba5a02694b50a645e9d43,52,0.5623413251903491,Type4
0,604ba5a62694b50a645e9d44,33,0.3162277660168379,Type5
0,604ba5af2694b50a645e9d45,25,0.3162277660168379,Type4
0,604ba5bc2694b50a645e9d46,45,0.5623413251903491,Type5
0,604ba5c22694b50a645e9d47,40,0.3831186849557287,Type1
0,604ba5d12694b50a645e9d48,44,0.316227766016838,Type4
0,604ba5d72694b50a645e9d49,35,0.21544346900318834,Type4
0,604ba5e32694b50a645e9d4a,56,0.5623413251903492,Type4
0,604ba6092694b50a645e9d4b,65,0.5623413251903492,Type3
0,604ba6152694b50a645e9d4c,65,0.5623413251903492,Type1
0,604ba61c2694b50a645e9d4d,70,0.8254041852680183,Type4
0,604ba6202694b50a645e9d4e,30,0.316227766016838,Type5
0,604ba6302694b50a645e9d4f,50,0.562341325190349,Type2
0,604ba63d2694b50a645e9d50,50,0.5623413251903492,Type5
0,604ba6482694b50a645e9d51,30,0.3162277660168379,Type2
0,604ba6722694b50a645e9d52,30,0.21544346900318834,Type5
0,604ba68c2694b50a645e9d53,35,0.46415888336127786,Type4
0,604ba6962694b50a645e9d54,36,0.21544346900318834,Type2
0,604ba7082694b50a645e9d55,48,0.5623413251903491,Type4
0,604ba70f2694b50a645e9d56,48,0.3831186849557287,Type3
0,604ba7172694b50a645e9d57,35,0.21544346900318834,Type1
0,604ba7282694b50a645e9d58,38,0.316227766016838,Type2
0,604ba72e2694b50a645e9d59,50,0.46415888336127786,Type3
0,604ba76c2694b50a645e9d5a,35,0.316227766016838,Type1
0,604ba7742694b50a645e9d5b,38,0.3831186849557287,Type5
0,604ba77a2694b50a645e9d5c,40,0.316227766016838,Type3
0,604ba7ae2694b50a645e9d5d,40,0.562341325190349,Type4
0,604ba7b82694b50a645e9d5e,48,0.5623413251903491,Type3
0,604ba7e52694b50a645e9d5f,60,0.5623413251903491,Type1
0,604ba7eb2694b50a645e9d60,25,0.5623413251903491,Type5
0,604ba7fa2694b50a645e9d61,35,0.562341325190349,Type3
0,604ba8042694b50a645e9d62,53,0.562341325190349,Type1
0,604ba8522694b50a645e9d63,35,0.21544346900318834,Type3
0,604ba8752694b50a645e9d64,65,0.570202248544189,Type7
0,604ba87d2694b50a645e9d65,15,0.14487282165170748,Type7
0,604ba8942694b50a645e9d66,75,0.3534612141224489,Type6
0,604ba8b82694b50a645e9d67,20,0.570202248544189,Type6
0,604ba8c72694b50a645e9d68,44,0.44505809805816404,Type7
0,604ba8d22694b50a645e9d69,15,0.15977206543163808,Type6
0,604ba8de2694b50a645e9d6a,17,0.19226026038513958,Type6
0,604ba8e52694b50a645e9d6b,15,0.16266246228321532,Type7
0,604ba8f02694b50a645e9d6c,30,0.4826187809506074,Type6
0,604ba8f62694b50a645e9d6d,10,0.14487282165170748,Type6
0,604ba8fe2694b50a645e9d6e,13,0.16266246228321532,Type6
0,604ba90c2694b50a645e9d6f,16,0.19226026038513958,Type7
0,604ba91c2694b50a645e9d70,30,0.44505809805816404,Type6
0,604ba9372694b50a645e9d71,35,0.4247737609668155,Type6
0,604ba93f2694b50a645e9d72,45,0.3534612141224489,Type7
0,604ba94e2694b50a645e9d73,15,0.15977206543163808,Type7
0,604ba9542694b50a645e9d74,50,0.4826187809506074,Type7
0,604ba95f2694b50a645e9d75,45,0.4247737609668155,Type7
0,604ba9762694b50a645e9d76,25,0.14171006992266452,Type6
0,604ba9892694b50a645e9d77,20,0.14171006992266452,Type7
0,604c5cef2694b50a645e9d78,55,0.6812920690579612,Type3
0,604cc8792694b50a645e9d79,50,0.5623413251903491,Type3
0,604cc8802694b50a645e9d7a,48,0.5623413251903491,Type4
0,604cc8872694b50a645e9d7b,89,0.8254041852680184,Type1
0,604cc8902694b50a645e9d7c,68,0.6812920690579612,Type1
0,604cc8982694b50a645e9d7d,53,0.5623413251903491,Type3
0,604cc8992694b50a645e9d7e,33,0.3831186849557287,Type5
0,604cc89c2694b50a645e9d7f,55,0.5623413251903492,Type2
0,604cc8a02694b50a645e9d80,67,0.6812920690579612,Type5
0,604cc8a32694b50a645e9d81,70,0.6812920690579612,Type2
0,604cc8a52694b50a645e9d82,66,0.5623413251903491,Type2
0,604cc8a82694b50a645e9d83,85,0.8254041852680184,Type4
0,604cc8aa2694b50a645e9d84,31,0.5623413251903491,Type5
0,604cc8ad2694b50a645e9d85,50,0.464158883361278,Type3
0,604cc8b32694b50a645e9d86,35,0.5623413251903491,Type5
0,604cc8b32694b50a645e9d87,68,0.6812920690579612,Type1
0,604cc8b82694b50a645e9d88,45,0.46415888336127786,Type2
0,604cc8bb2694b50a645e9d89,69,0.6812920690579612,Type2
0,604cc8c12694b50a645e9d8a,53,0.5623413251903491,Type2
0,604cc8c22694b50a645e9d8b,85,0.8254041852680184,Type3
0,604cc8c72694b50a645e9d8c,38,0.3162277660168379,Type3
0,604cc8ca2694b50a645e9d8d,56,0.5623413251903491,Type1
0,604cc8cb2694b50a645e9d8e,50,0.464158883361278,Type1
0,604cc8d02694b50a645e9d8f,36,0.464158883361278,Type5
0,604cc8d22694b50a645e9d90,78,0.8254041852680186,Type5
0,604cc8d42694b50a645e9d91,66,0.5623413251903491,Type2
0,604cc8d92694b50a645e9d92,53,0.5623413251903491,Type3
0,604cc8da2694b50a645e9d93,33,0.3162277660168379,Type4
0,604cc8df2694b50a645e9d94,86,0.8254041852680184,Type1
0,604cc8df2694b50a645e9d95,48,0.46415888336127786,Type1
0,604cc8e32694b50a645e9d96,70,0.6812920690579612,Type1
0,604cc8e62694b50a645e9d97,87,0.8254041852680186,Type4
0,604cc8e82694b50a645e9d98,43,0.3831186849557287,Type1
0,604cc8ef2694b50a645e9d99,62,0.5623413251903492,Type3
0,604cc8ef2694b50a645e9d9a,42,0.46415888336127786,Type4
0,604cc8f42694b50a645e9d9b,47,0.46415888336127786,Type2
0,604cc8fb2694b50a645e9d9c,59,0.6812920690579612,Type4
0,604cc8ff2694b50a645e9d9d,64,0.6812920690579612,Type4
0,604cc9032694b50a645e9d9e,47,0.5623413251903491,Type4
0,604cc9052694b50a645e9d9f,54,0.46415888336127786,Type3
0,604cc9092694b50a645e9da0,50,0.5623413251903492,Type4
0,604cc9092694b50a645e9da1,49,0.46415888336127786,Type3
0,604cc90e2694b50a645e9da2,56,0.5623413251903491,Type2
0,604cc9102694b50a645e9da3,56,0.5623413251903492,Type5
0,604cc9162694b50a645e9da4,52,0.464158883361278,Type2
0,604cc9192694b50a645e9da5,46,0.46415888336127786,Type5
0,604cc91d2694b50a645e9da6,81,0.6812920690579612,Type5
0,604cc9222694b50a645e9da7,84,0.6812920690579612,Type4
0,604cc9242694b50a645e9da8,38,0.5623413251903491,Type5
0,604cc9282694b50a645e9da9,44,0.46415888336127786,Type5
0,604cc92d2694b50a645e9daa,68,0.5623413251903492,Type3
0,604cc92e2694b50a645e9dab,89,0.8254041852680184,Type5
0,604cc9302694b50a645e9dac,50,0.46415888336127786,Type1
0,604cc9342694b50a645e9dad,45,0.46415888336127786,Type4
0,604cc9362694b50a645e9dae,45,0.6812920690579612,Type5
0,604cc93b2694b50a645e9daf,70,0.6812920690579612,Type3
0,604cc93e2694b50a645e9db0,33,0.3162277660168379,Type1
0,604cc9402694b50a645e9db1,98,0.8254041852680184,Type4
0,604cc9412694b50a645e9db2,65,0.5623413251903492,Type1
0,604cc9452694b50a645e9db3,97,0.8254041852680184,Type3
0,604cc9472694b50a645e9db4,90,0.6812920690579612,Type5
0,604cc94b2694b50a645e9db5,44,0.464158883361278,Type4
0,604cc94e2694b50a645e9db6,86,0.8254041852680186,Type1
0,604cc9522694b50a645e9db7,35,0.3831186849557287,Type4
0,604cc9562694b50a645e9db8,70,0.6812920690579612,Type1
0,604cc9562694b50a645e9db9,40,0.3831186849557287,Type2
0,604cc95b2694b50a645e9dba,83,0.6812920690579612,Type3
0,604cc95f2694b50a645e9dbb,64,0.6812920690579612,Type3
0,604cc9642694b50a645e9dbc,85,0.8254041852680184,Type2
0,604cc9642694b50a645e9dbd,67,0.6812920690579612,Type4
0,604cc96a2694b50a645e9dbe,95,0.8254041852680184,Type2
0,604cc96b2694b50a645e9dbf,80,0.6812920690579612,Type2
0,604cc96f2694b50a645e9dc0,52,0.3831186849557287,Type3
0,604cc9702694b50a645e9dc1,87,0.8254041852680186,Type3
0,604cc9732694b50a645e9dc2,42,0.3162277660168379,Type2
0,604cc9752694b50a645e9dc3,73,0.6812920690579612,Type2
0,604cc9782694b50a645e9dc4,83,0.5623413251903491,Type4
0,604cc97c2694b50a645e9dc5,80,0.6812920690579612,Type2
0,604cc97d2694b50a645e9dc6,78,0.6812920690579612,Type1
0,604cc9822694b50a645e9dc7,90,0.8254041852680184,Type5
0,604cc9822694b50a645e9dc8,40,0.6812920690579612,Type5
0,604cc9892694b50a645e9dc9,66,0.6812920690579612,Type3
0,604cc98c2694b50a645e9dca,30,0.3162277660168379,Type5
0,604cc98d2694b50a645e9dcb,50,0.5623413251903492,Type2
0,604cc9912694b50a645e9dcc,65,0.5623413251903491,Type3
0,604cc9942694b50a645e9dcd,75,0.6812920690579612,Type3
0,604cc9962694b50a645e9dce,84,0.5623413251903491,Type5
0,604cc9982694b50a645e9dcf,75,0.6812920690579612,Type4
0,604cc99b2694b50a645e9dd0,60,0.5623413251903491,Type1
0,604cc99e2694b50a645e9dd1,28,0.26101572156825364,Type1
0,604cc9a32694b50a645e9dd2,25,0.2251305296829948,Type6
0,604cc9a62694b50a645e9dd3,33,0.4394736658742092,Type6
0,604cc9a62694b50a645e9dd4,50,0.5623413251903492,Type1
0,604cc9ae2694b50a645e9dd5,15,0.095778341819281,Type7
0,604cc9b02694b50a645e9dd6,87,0.8254041852680186,Type2
0,604cc9b22694b50a645e9dd7,50,0.48365785905968095,Type7
0,604cc9b52694b50a645e9dd8,50,0.4394736658742092,Type7
0,604cc9b72694b50a645e9dd9,56,0.5623413251903492,Type4
0,604cc9bb2694b50a645e9dda,39,0.3369079055085901,Type7
0,604cc9be2694b50a645e9ddb,27,0.26101572156825364,Type2
0,604cc9c12694b50a645e9ddc,18,0.095778341819281,Type6
0,604cc9c62694b50a645e9ddd,45,0.3714730972445402,Type6
0,604cc9ca2694b50a645e9dde,46,0.3714730972445402,Type7
0,604cc9cb2694b50a645e9ddf,30,0.5623413251903492,Type5
0,604cc9ce2694b50a645e9de0,50,0.45256008934731806,Type7
0,604cc9d22694b50a645e9de1,55,0.5623413251903491,Type1
0,604cc9d42694b50a645e9de2,40,0.3369079055085901,Type6
0,604cc9d92694b50a645e9de3,75,0.6899477021087548,Type7
0,604cc9d92694b50a645e9de4,33,0.26101572156825364,Type3
0,604cc9dd2694b50a645e9de5,55,0.5623413251903491,Type4
0,604cc9de2694b50a645e9de6,63,0.48365785905968095,Type6
0,604cc9e12694b50a645e9de7,55,0.5623413251903491,Type1
0,604cc9e62694b50a645e9de8,70,0.6899477021087548,Type6
0,604cc9e62694b50a645e9de9,25,0.26101572156825364,Type4
0,604cc9e92694b50a645e9dea,35,0.2251305296829948,Type7
0,604cc9eb2694b50a645e9deb,20,0.26101572156825364,Type5
0,604cc9ed2694b50a645e9dec,20,0.25275967677816036,Type6
0,604cc9f12694b50a645e9ded,33,0.25275967677816036,Type7
0,604cc9f22694b50a645e9dee,50,0.46146066284400933,Type7
0,604cc9f52694b50a645e9def,67,0.45256008934731806,Type6
0,604cc9f82694b50a645e9df0,50,0.46146066284400933,Type6
0,604cc9fa2694b50a645e9df1,55,0.44331011169971873,Type6
0,604cc9fe2694b50a645e9df2,20,0.15355121989653955,Type6
0,604cc9ff2694b50a645e9df3,50,0.44331011169971873,Type7
0,604cca092694b50a645e9df4,14,0.11437444611815598,Type7
0,604cca0e2694b50a645e9df5,37,0.3725767475545017,Type6
0,604cca152694b50a645e9df6,21,0.24465816368851795,Type6
0,604cca1a2694b50a645e9df7,48,0.4050471266780656,Type7
0,604cca1f2694b50a645e9df8,47,0.3725767475545017,Type7
0,604cca232694b50a645e9df9,48,0.4050471266780656,Type6
0,604cca282694b50a645e9dfa,10,0.11437444611815598,Type6
0,604cca2e2694b50a645e9dfb,39,0.33009226006906317,Type6
0,604cca392694b50a645e9dfc,18,0.15355121989653955,Type7
0,604cca3f2694b50a645e9dfd,10,0.10719849692234554,Type7
0,604cca422694b50a645e9dfe,9,0.10719849692234554,Type6
0,604cca462694b50a645e9dff,47,0.33009226006906317,Type7
0,604cca4d2694b50a645e9e00,48,0.3400769783310903,Type6
0,604cca522694b50a645e9e01,39,0.3400769783310903,Type7
0,604cca572694b50a645e9e02,25,0.20327575294556754,Type6
0,604cca5e2694b50a645e9e03,39,0.24465816368851795,Type7
0,604cca6a2694b50a645e9e04,27,0.20327575294556754,Type7
0,604cd4e92694b50a645e9e05,50,0.8254041852680184,Type5
0,604cd51f2694b50a645e9e06,25,0.3162277660168379,Type5
0,604cd55c2694b50a645e9e07,80,0.8254041852680183,Type4
0,604cd5762694b50a645e9e08,60,0.8254041852680186,Type5
0,604cd57e2694b50a645e9e09,26,0.6812920690579614,Type4
0,604cd5872694b50a645e9e0a,65,0.6812920690579612,Type3
0,604cd5942694b50a645e9e0b,80,0.8254041852680186,Type3
0,604cd59d2694b50a645e9e0c,90,0.8254041852680183,Type3
0,604cd5a32694b50a645e9e0d,50,0.5623413251903491,Type1
0,604cd5ae2694b50a645e9e0e,30,0.5623413251903491,Type5
0,604cd5b52694b50a645e9e0f,40,0.5623413251903491,Type5
0,604cd5bb2694b50a645e9e10,40,0.5623413251903491,Type5
0,604cd5bf2694b50a645e9e11,80,0.6812920690579612,Type1
0,604cd5c12694b50a645e9e12,0,0.17782794100389226,Type2
0,604cd5c62694b50a645e9e13,0,0.17782794100389226,Type1
0,604cd5c92694b50a645e9e14,0,0.8254041852680184,Type2
0,604cd5cd2694b50a645e9e15,0,0.6812920690579612,Type2
0,604cd5cd2694b50a645e9e16,60,0.5623413251903491,Type2
0,604cd5d22694b50a645e9e17,0,0.8254041852680184,Type1
0,604cd5d32694b50a645e9e18,20,0.3162277660168379,Type1
0,604cd5d52694b50a645e9e19,0,0.6812920690579614,Type3
0,604cd5d72694b50a645e9e1a,0,0.31622776601683794,Type1
0,604cd5da2694b50a645e9e1b,25,0.5623413251903491,Type3
0,604cd5da2694b50a645e9e1c,0,0.6812920690579612,Type3
0,604cd5dd2694b50a645e9e1d,0,0.6812920690579612,Type2
0,604cd5df2694b50a645e9e1e,60,0.5623413251903491,Type1
0,604cd5e02694b50a645e9e1f,0,0.8254041852680184,Type3
0,604cd5e22694b50a645e9e20,90,0.8254041852680186,Type1
0,604cd5ed2694b50a645e9e21,85,0.8254041852680183,Type1
0,604cd5f72694b50a645e9e22,55,0.5623413251903491,Type2
0,604cd6002694b50a645e9e23,45,0.5623413251903491,Type4
0,604cd6042694b50a645e9e24,33,0.31622776601683794,Type4
0,604cd6062694b50a645e9e25,55,0.5623413251903491,Type1
0,604cd6072694b50a645e9e26,0,0.5623413251903491,Type1
0,604cd60b2694b50a645e9e27,40,0.5623413251903491,Type4
0,604cd6102694b50a645e9e28,15,0.3162277660168379,Type4
0,604cd6182694b50a645e9e29,70,0.6812920690579612,Type4
0,604cd6182694b50a645e9e2a,90,0.8254041852680184,Type2
0,604cd61d2694b50a645e9e2b,70,0.26101572156825364,Type4
0,604cd61f2694b50a645e9e2c,0,0.6812920690579614,Type2
0,604cd6222694b50a645e9e2d,0,0.5623413251903491,Type2
0,604cd6292694b50a645e9e2e,50,0.5623413251903491,Type3
0,604cd6292694b50a645e9e2f,80,0.6812920690579612,Type4
0,604cd62c2694b50a645e9e30,0,0.6812920690579614,Type1
0,604cd62f2694b50a645e9e31,50,0.5623413251903491,Type3
0,604cd6352694b50a645e9e32,90,0.8254041852680183,Type2
0,604cd6352694b50a645e9e33,20,0.6812920690579612,Type5
0,604cd6392694b50a645e9e34,50,0.8254041852680184,Type4
0,604cd63a2694b50a645e9e35,80,0.6812920690579612,Type2
0,604cd63c2694b50a645e9e36,0,0.3831186849557288,Type3
0,604cd63f2694b50a645e9e37,10,0.3831186849557288,Type5
0,604cd6402694b50a645e9e38,90,0.8254041852680186,Type2
0,604cd6422694b50a645e9e39,0,0.31622776601683794,Type2
0,604cd6442694b50a645e9e3a,0,0.17782794100389226,Type3
0,604cd6472694b50a645e9e3b,50,0.6812920690579614,Type5
0,604cd6482694b50a645e9e3c,85,0.8254041852680183,Type2
0,604cd64a2694b50a645e9e3d,25,0.31622776601683794,Type5
0,604cd64d2694b50a645e9e3e,90,0.8254041852680183,Type1
0,604cd64d2694b50a645e9e3f,0,0.3831186849557288,Type2
0,604cd64f2694b50a645e9e40,0,0.8254041852680184,Type1
0,604cd6512694b50a645e9e41,70,0.8254041852680183,Type3
0,604cd6512694b50a645e9e42,0,0.6812920690579612,Type1
0,604cd6552694b50a645e9e43,0,0.26101572156825364,Type2
0,604cd6572694b50a645e9e44,90,0.8254041852680183,Type5
0,604cd6572694b50a645e9e45,0,0.26101572156825364,Type3
0,604cd65b2694b50a645e9e46,60,0.5623413251903491,Type5
0,604cd65c2694b50a645e9e47,90,0.8254041852680186,Type4
0,604cd65f2694b50a645e9e48,70,0.6812920690579612,Type5
0,604cd6632694b50a645e9e49,0,0.31622776601683794,Type3
0,604cd6652694b50a645e9e4a,85,0.8254041852680183,Type4
0,604cd6662694b50a645e9e4b,98,0.17782794100389226,Type4
0,604cd6682694b50a645e9e4c,0,0.3831186849557288,Type1
0,604cd66b2694b50a645e9e4d,0,0.26101572156825364,Type1
0,604cd66d2694b50a645e9e4e,80,0.8254041852680184,Type3
0,604cd6722694b50a645e9e4f,40,0.6812920690579612,Type5
0,604cd6722694b50a645e9e50,60,0.3831186849557288,Type4
0,604cd6762694b50a645e9e51,80,0.17782794100389226,Type5
0,604cd6782694b50a645e9e52,40,0.8254041852680183,Type5
0,604cd6792694b50a645e9e53,80,0.5623413251903491,Type4
0,604cd67c2694b50a645e9e54,20,0.3162277660168379,Type3
0,604cd67d2694b50a645e9e55,0,0.6812920690579612,Type1
0,604cd6842694b50a645e9e56,0,0.26101572156825364,Type5
0,604cd6862694b50a645e9e57,0,0.5623413251903491,Type3
0,604cd6882694b50a645e9e58,0,0.8254041852680184,Type2
0,604cd68a2694b50a645e9e59,0,0.6812920690579612,Type3
0,604cd68f2694b50a645e9e5a,98,0.8254041852680184,Type4
0,604cd6912694b50a645e9e5b,0,0.8254041852680184,Type3
0,604cd6942694b50a645e9e5c,70,0.8254041852680184,Type5
0,604cd6992694b50a645e9e5d,60,0.5623413251903491,Type2
0,604cd69c2694b50a645e9e5e,0,0.14677147058630668,Type7
0,604cd69f2694b50a645e9e5f,90,0.8254041852680184,Type4
0,604cd6a62694b50a645e9e60,20,0.3162277660168379,Type2
0,604cd6ac2694b50a645e9e61,40,0.5623413251903491,Type4
0,604cd6b52694b50a645e9e62,30,0.31622776601683794,Type1
0,604cd6c22694b50a645e9e63,70,0.8254041852680184,Type5
0,604cd6c62694b50a645e9e64,90,0.8254041852680184,Type1
0,604cd6cd2694b50a645e9e65,55,0.6812920690579612,Type4
0,604cd6d22694b50a645e9e66,15,0.14677147058630668,Type6
0,604cd6e02694b50a645e9e67,25,0.31622776601683794,Type4
0,604cd6e62694b50a645e9e68,30,0.31622776601683794,Type2
0,604cd6ef2694b50a645e9e69,25,0.31622776601683794,Type3
0,604cd6f62694b50a645e9e6a,20,0.31622776601683794,Type5
0,604cd70d2694b50a645e9e6b,45,0.5011274202208122,Type6
0,604cd7122694b50a645e9e6c,12.5,0.1134686715000981,Type7
0,604cd7142694b50a645e9e6d,25,0.28834835047627644,Type6
0,604cd71c2694b50a645e9e6e,20,0.2218109300778804,Type6
0,604cd72c2694b50a645e9e6f,30,0.358531031834709,Type7
0,604cd7372694b50a645e9e70,50,0.5011274202208122,Type7
0,604cd73e2694b50a645e9e71,45,0.5009028585179351,Type6
0,604cd73f2694b50a645e9e72,14.28,0.09578118645194543,Type6
0,604cd74b2694b50a645e9e73,55,0.5009028585179351,Type7
0,604cd7532694b50a645e9e74,35,0.28834835047627644,Type7
0,604cd75e2694b50a645e9e75,25,0.358531031834709,Type6
0,604cd75f2694b50a645e9e76,11.1,0.1134686715000981,Type6
0,604cd7652694b50a645e9e77,15,0.20354022540131392,Type6
0,604cd7792694b50a645e9e78,20,0.20354022540131392,Type7
0,604cd77c2694b50a645e9e79,10,0.13492563736801022,Type7
0,604cd77e2694b50a645e9e7a,12.5,0.12346879464407404,Type7
0,604cd7812694b50a645e9e7b,10,0.08289187018666376,Type6
0,604cd7852694b50a645e9e7c,15,0.13492563736801022,Type6
0,604cd78f2694b50a645e9e7d,20,0.3197113789414597,Type6
0,604cd7922694b50a645e9e7e,14.28,0.15279153284724611,Type7
0,604cd7992694b50a645e9e7f,70,0.6211994455639881,Type7
0,604cd7a52694b50a645e9e80,16.67,0.15279153284724611,Type6
0,604cd7af2694b50a645e9e81,50,0.6211994455639881,Type6
0,604cd7b72694b50a645e9e82,11.11,0.09578118645194543,Type7
0,604cd7ba2694b50a645e9e83,35,0.3197113789414597,Type7
0,604cd7c12694b50a645e9e84,25,0.2218109300778804,Type7
0,604cd7c62694b50a645e9e85,10,0.08289187018666376,Type7
0,604cd7cd2694b50a645e9e86,11.11,0.09030170221010382,Type6
0,604cd7d82694b50a645e9e87,14.28,0.12346879464407404,Type6
0,604cd7e72694b50a645e9e88,10,0.09030170221010382,Type7
0,604cd8062694b50a645e9e89,16.67,0.16753019633802574,Type7
0,604cd81b2694b50a645e9e8a,25,0.2839842921670047,Type6
0,604cd8212694b50a645e9e8b,15,0.16753019633802574,Type6
0,604cd8272694b50a645e9e8c,40,0.2839842921670047,Type7
0,604cd82e2694b50a645e9e8d,55,0.5318452757949916,Type6
0,604cd8362694b50a645e9e8e,76,0.5318452757949916,Type7
0,604cd83a2694b50a645e9e8f,78,0.5190074024866924,Type7
0,604cd8442694b50a645e9e90,60,0.5190074024866924,Type6
0,604d3fd62694b50a645e9e91,95,0.8254041852680184,Type4
0,604d3ff12694b50a645e9e92,49,0.5623413251903491,Type4
0,604d3ffa2694b50a645e9e93,25,0.26101572156825364,Type4
0,604d40042694b50a645e9e94,97,0.8254041852680185,Type2
0,604d40202694b50a645e9e95,90,0.8254041852680185,Type1
0,604d40272694b50a645e9e96,68,0.5623413251903491,Type3
0,604d40312694b50a645e9e97,85,0.8254041852680185,Type1
0,604d40382694b50a645e9e98,89,0.8254041852680185,Type3
0,604d40422694b50a645e9e99,28,0.26101572156825364,Type2
0,604d40482694b50a645e9e9a,48,0.5623413251903491,Type5
0,604d40532694b50a645e9e9b,85,0.8254041852680184,Type1
0,604d40632694b50a645e9e9c,80,0.8254041852680185,Type5
0,604d40692694b50a645e9e9d,75,0.5623413251903492,Type3
0,604d40702694b50a645e9e9e,78,0.5623413251903491,Type4
0,604d40752694b50a645e9e9f,78,0.8254041852680184,Type5
0,604d407b2694b50a645e9ea0,25,0.26101572156825364,Type5
0,604d40812694b50a645e9ea1,68,0.562341325190349,Type2
0,604d40892694b50a645e9ea2,75,0.8254041852680184,Type3
0,604d408e2694b50a645e9ea3,50,0.5623413251903491,Type2
0,604d40a52694b50a645e9ea4,68,0.5623413251903491,Type2
0,604d40b22694b50a645e9ea5,58,0.5623413251903491,Type1
0,604d40b82694b50a645e9ea6,55,0.5623413251903491,Type3
0,604d40ca2694b50a645e9ea7,45,0.562341325190349,Type5
0,604d40d82694b50a645e9ea8,55,0.5623413251903492,Type1
0,604d40e02694b50a645e9ea9,80,0.8254041852680185,Type4
0,604d40e72694b50a645e9eaa,55,0.5623413251903491,Type1
0,604d40f32694b50a645e9eab,76,0.8254041852680184,Type3
0,604d40fb2694b50a645e9eac,90,0.8254041852680185,Type3
0,604d41032694b50a645e9ead,25,0.26101572156825364,Type1
0,604d410c2694b50a645e9eae,30,0.26101572156825364,Type3
0,604d41112694b50a645e9eaf,78,0.6812920690579612,Type2
0,604d41152694b50a645e9eb0,80,0.8254041852680184,Type2
0,604d41202694b50a645e9eb1,53,0.5623413251903492,Type5
0,604d41252694b50a645e9eb2,50,0.5623413251903492,Type2
0,604d412c2694b50a645e9eb3,95,0.8254041852680185,Type2
0,604d41312694b50a645e9eb4,53,0.5623413251903492,Type4
0,604d41362694b50a645e9eb5,50,0.5623413251903491,Type5
0,604d413a2694b50a645e9eb6,70,0.6812920690579612,Type1
0,604d413f2694b50a645e9eb7,90,0.8254041852680185,Type5
0,604d41452694b50a645e9eb8,94,0.6812920690579612,Type3
0,604d414b2694b50a645e9eb9,94,0.8254041852680185,Type4
0,604d41512694b50a645e9eba,86,0.6812920690579612,Type5
0,604d41572694b50a645e9ebb,50,0.6812920690579612,Type4
0,604d415f2694b50a645e9ebc,50,0.562341325190349,Type3
0,604d41652694b50a645e9ebd,52,0.562341325190349,Type1
0,604d416c2694b50a645e9ebe,50,0.562341325190349,Type4
0,604d41762694b50a645e9ebf,95,0.8254041852680184,Type5
0,604d417a2694b50a645e9ec0,90,0.8254041852680184,Type4
0,604d41812694b50a645e9ec1,90,0.8254041852680184,Type1
0,604d41882694b50a645e9ec2,90,0.8254041852680184,Type2
0,604d41912694b50a645e9ec3,25,0.2413113503512478,Type7
0,604d41962694b50a645e9ec4,50,0.6307721273233352,Type6
0,604d419f2694b50a645e9ec5,20,0.2102248647428304,Type7
0,604d41a52694b50a645e9ec6,46,0.4467885300615571,Type6
0,604d41b12694b50a645e9ec7,20,0.2102248647428304,Type6
0,604d41b62694b50a645e9ec8,15,0.12098101636950252,Type7
0,604d41bf2694b50a645e9ec9,13,0.09871868245312694,Type7
0,604d41c62694b50a645e9eca,14,0.12583934933443514,Type6
0,604d41ca2694b50a645e9ecb,50,0.4467885300615571,Type7
0,604d41d12694b50a645e9ecc,14,0.12583934933443514,Type7
0,604d41da2694b50a645e9ecd,47,0.4064948951352446,Type7
0,604d41df2694b50a645e9ece,14,0.09910789390349356,Type7
0,604d41e72694b50a645e9ecf,25,0.2413113503512478,Type6
0,604d41ec2694b50a645e9ed0,20,0.12098101636950252,Type6
0,604d41f42694b50a645e9ed1,33,0.19100261579117125,Type7
0,604d41fb2694b50a645e9ed2,13,0.09910789390349356,Type6
0,604d42042694b50a645e9ed3,18,0.09871868245312694,Type6
0,604d420e2694b50a645e9ed4,30,0.4064948951352446,Type6
0,604d42222694b50a645e9ed5,23,0.19100261579117125,Type6
0,604d42402694b50a645e9ed6,72,0.6307721273233352,Type7
0,604d46bf2694b50a645e9ed7,48,0.46415888336127786,Type2
0,604d46ca2694b50a645e9ed8,80,0.8254041852680185,Type5
0,604d46d92694b50a645e9ed9,90,0.8254041852680186,Type1
0,604d46e12694b50a645e9eda,75,0.8254041852680186,Type5
0,604d46e72694b50a645e9edb,80,0.8254041852680184,Type5
0,604d46eb2694b50a645e9edc,75,0.6812920690579614,Type1
0,604d46f12694b50a645e9edd,33,0.21544346900318834,Type4
0,604d46f62694b50a645e9ede,68,0.6812920690579614,Type3
0,604d47092694b50a645e9edf,52,0.46415888336127786,Type3
0,604d47182694b50a645e9ee0,67,0.6812920690579614,Type2
0,604d471d2694b50a645e9ee1,80,0.8254041852680184,Type2
0,604d47292694b50a645e9ee2,52,0.562341325190349,Type1
0,604d473d2694b50a645e9ee3,75,0.8254041852680185,Type4
0,604d47482694b50a645e9ee4,85,0.6812920690579612,Type2
0,604d47542694b50a645e9ee5,56,0.562341325190349,Type3
0,604d47582694b50a645e9ee6,85,0.8254041852680184,Type3
0,604d475c2694b50a645e9ee7,70,0.6812920690579612,Type4
0,604d47652694b50a645e9ee8,33,0.21544346900318834,Type1
0,604d47692694b50a645e9ee9,25,0.46415888336127786,Type5
0,604d476d2694b50a645e9eea,35,0.562341325190349,Type4
0,604d47712694b50a645e9eeb,80,0.6812920690579612,Type2
0,604d47762694b50a645e9eec,95,0.8254041852680185,Type3
0,604d477b2694b50a645e9eed,48,0.6812920690579612,Type5
0,604d47802694b50a645e9eee,76,0.6812920690579614,Type4
0,604d47862694b50a645e9eef,89,0.6812920690579612,Type3
0,604d478c2694b50a645e9ef0,77,0.6812920690579612,Type1
0,604d47932694b50a645e9ef1,70,0.6812920690579612,Type1
0,604d47a02694b50a645e9ef2,75,0.6812920690579612,Type3
0,604d47a52694b50a645e9ef3,80,0.8254041852680186,Type2
0,604d47af2694b50a645e9ef4,50,0.6812920690579614,Type5
0,604d47b42694b50a645e9ef5,85,0.6812920690579612,Type3
0,604d47bd2694b50a645e9ef6,86,0.6812920690579612,Type5
0,604d47c42694b50a645e9ef7,97,0.8254041852680184,Type4
0,604d47cf2694b50a645e9ef8,73,0.6812920690579612,Type1
0,604d47d32694b50a645e9ef9,88,0.8254041852680185,Type2
0,604d47dc2694b50a645e9efa,76,0.8254041852680184,Type1
0,604d47e92694b50a645e9efb,80,0.8254041852680185,Type1
0,604d47f42694b50a645e9efc,82,0.6812920690579612,Type2
0,604d47fe2694b50a645e9efd,80,0.6812920690579612,Type4
0,604d48052694b50a645e9efe,76,0.6812920690579612,Type4
0,604d48112694b50a645e9eff,48,0.46415888336127786,Type1
0,604d48162694b50a645e9f00,35,0.562341325190349,Type5
0,604d481f2694b50a645e9f01,40,0.46415888336127786,Type4
0,604d482a2694b50a645e9f02,65,0.8254041852680186,Type3
0,604d48342694b50a645e9f03,74,0.8254041852680186,Type4
0,604d483a2694b50a645e9f04,52,0.6812920690579612,Type5
0,604d483f2694b50a645e9f05,50,0.562341325190349,Type2
0,604d48442694b50a645e9f06,25,0.21544346900318834,Type5
0,604d484a2694b50a645e9f07,27,0.21544346900318834,Type2
0,604d48632694b50a645e9f08,35,0.21544346900318834,Type3
0,604d487f2694b50a645e9f09,15,0.13272745155161395,Type7
0,604d48862694b50a645e9f0a,20,0.20049351333987958,Type7
0,604d488c2694b50a645e9f0b,15,0.08937685088608763,Type7
0,604d48932694b50a645e9f0c,25,0.22983360149130572,Type7
0,604d489f2694b50a645e9f0d,23,0.22983360149130572,Type6
0,604d48a62694b50a645e9f0e,18,0.13272745155161395,Type6
0,604d48ae2694b50a645e9f0f,20,0.18564582844513422,Type6
0,604d48b42694b50a645e9f10,33,0.4435774461711993,Type6
0,604d48bd2694b50a645e9f11,22,0.20049351333987958,Type6
0,604d48c52694b50a645e9f12,48,0.4435774461711993,Type7
0,604d48cb2694b50a645e9f13,67,0.4848251857453892,Type7
0,604d48d82694b50a645e9f14,35,0.296746047824238,Type7
0,604d48dd2694b50a645e9f15,50,0.5101860591851421,Type6
0,604d48e32694b50a645e9f16,50,0.453152722807776,Type6
0,604d48e92694b50a645e9f17,15,0.08937685088608763,Type6
0,604d48ee2694b50a645e9f18,25,0.18564582844513422,Type7
0,604d48f22694b50a645e9f19,25,0.296746047824238,Type6
0,604d48f62694b50a645e9f1a,48,0.4848251857453892,Type6
0,604d48fc2694b50a645e9f1b,57,0.5101860591851421,Type7
0,604d49042694b50a645e9f1c,51,0.453152722807776,Type7
0,604d495f2694b50a645e9f1d,45,0.4641588833612779,Type3
0,604d496e2694b50a645e9f1e,50,0.464158883361278,Type3
0,604d497b2694b50a645e9f1f,50,0.5623413251903491,Type2
0,604d49902694b50a645e9f20,30,0.4641588833612779,Type5
0,604d49a32694b50a645e9f21,75,0.6812920690579612,Type4
0,604d49b42694b50a645e9f22,65,0.464158883361278,Type5
0,604d49c42694b50a645e9f23,85,0.8254041852680183,Type3
0,604d49ce2694b50a645e9f24,25,0.26101572156825364,Type1
0,604d49dc2694b50a645e9f25,25,0.26101572156825364,Type4
0,604d49e62694b50a645e9f26,75,0.6812920690579612,Type1
0,604d4a082694b50a645e9f27,30,0.26101572156825364,Type3
0,604d4a142694b50a645e9f28,45,0.4641588833612779,Type4
0,604d4a202694b50a645e9f29,50,0.46415888336127786,Type3
0,604d4a2c2694b50a645e9f2a,40,0.46415888336127786,Type2
0,604d4a352694b50a645e9f2b,50,0.5623413251903491,Type4
0,604d4a422694b50a645e9f2c,45,0.4641588833612779,Type2
0,604d4a512694b50a645e9f2d,80,0.8254041852680183,Type5
0,604d4a622694b50a645e9f2e,65,0.5623413251903491,Type3
0,604d4a712694b50a645e9f2f,45,0.46415888336127786,Type5
0,604d4a812694b50a645e9f30,85,0.8254041852680183,Type4
0,604d4a8c2694b50a645e9f31,70,0.6812920690579612,Type5
0,604d4a9c2694b50a645e9f32,65,0.5623413251903491,Type1
0,604d4aa22694b50a645e9f33,50,0.46415888336127786,Type1
0,604d4aaa2694b50a645e9f34,45,0.46415888336127786,Type1
0,604d4ac52694b50a645e9f35,80,0.8254041852680183,Type2
0,604d4ae12694b50a645e9f36,48,0.46415888336127786,Type5
0,604d4afe2694b50a645e9f37,47,0.464158883361278,Type2
0,604d4b212694b50a645e9f38,45,0.46415888336127786,Type2
0,604d4b332694b50a645e9f39,48,0.5623413251903491,Type5
0,604d4b3c2694b50a645e9f3a,35,0.46415888336127786,Type4
0,604d4b462694b50a645e9f3b,50,0.464158883361278,Type4
0,604d4b4f2694b50a645e9f3c,70,0.6812920690579612,Type1
0,604d4b7c2694b50a645e9f3d,50,0.26101572156825364,Type2
0,604d4b872694b50a645e9f3e,70,0.6812920690579612,Type3
0,604d4b932694b50a645e9f3f,25,0.26101572156825364,Type3
0,604d4b9d2694b50a645e9f40,45,0.46415888336127786,Type4
0,604d4bb22694b50a645e9f41,15,0.26101572156825364,Type4
0,604d4bba2694b50a645e9f42,50,0.6812920690579612,Type5
0,604d4bc02694b50a645e9f43,80,0.8254041852680183,Type1
0,604d4bd52694b50a645e9f44,47,0.4641588833612779,Type1
0,604d4be72694b50a645e9f45,25,0.26101572156825364,Type2
0,604d4bfd2694b50a645e9f46,35,0.46415888336127786,Type3
0,604d4c0c2694b50a645e9f47,20,0.26101572156825364,Type5
0,604d4c152694b50a645e9f48,70,0.6812920690579612,Type2
0,604d4c202694b50a645e9f49,40,0.464158883361278,Type1
0,604d4c262694b50a645e9f4a,30,0.26101572156825364,Type1
0,604d4c322694b50a645e9f4b,60,0.6812920690579612,Type3
0,604d4c3f2694b50a645e9f4c,85,0.6812920690579612,Type4
0,604d4c452694b50a645e9f4d,15,0.26101572156825364,Type5
0,604d4c4c2694b50a645e9f4e,50,0.6812920690579612,Type2
0,604d4c682694b50a645e9f4f,45,0.4360453762206195,Type7
0,604d4c7a2694b50a645e9f50,40,0.246375871110513,Type7
0,604d4c982694b50a645e9f51,40,0.2908628639981828,Type7
0,604d4caa2694b50a645e9f52,30,0.5119775820723962,Type6
0,604d4cb72694b50a645e9f53,45,0.49905397337756885,Type6
0,604d4cc42694b50a645e9f54,10,0.22604378451575513,Type6
0,604d4cd02694b50a645e9f55,10,0.2908628639981828,Type6
0,604d4cd72694b50a645e9f56,50,0.49905397337756885,Type7
0,604d4ce02694b50a645e9f57,10,0.11321328623911361,Type7
0,604d4cf02694b50a645e9f58,5,0.11321328623911361,Type6
0,604d4cff2694b50a645e9f59,25,0.22604378451575513,Type7
0,604d4d0d2694b50a645e9f5a,10,0.16630668215028846,Type6
0,604d4d252694b50a645e9f5b,60,0.5119775820723962,Type7
0,604d4d2e2694b50a645e9f5c,10,0.12087659744615428,Type7
0,604d4d362694b50a645e9f5d,10,0.12087659744615428,Type6
0,604d4d412694b50a645e9f5e,35,0.4360453762206195,Type6
0,604d4d492694b50a645e9f5f,10,0.17326681702019428,Type7
0,604d4d5d2694b50a645e9f60,15,0.17326681702019428,Type6
0,604d4d6b2694b50a645e9f61,15,0.16630668215028846,Type7
0,604d4d7a2694b50a645e9f62,20,0.246375871110513,Type6
0,604da58b2694b50a645e9f63,28,0.26101572156825364,Type1
0,604da5962694b50a645e9f64,32,0.38311868495572876,Type2
0,604da59a2694b50a645e9f65,25,0.26101572156825364,Type2
0,604da5a32694b50a645e9f66,58,0.8254041852680184,Type5
0,604da5a82694b50a645e9f67,47,0.38311868495572876,Type1
0,604da5ad2694b50a645e9f68,78,0.8254041852680184,Type3
0,604da5b42694b50a645e9f69,30,0.3162277660168379,Type4
0,604da5c32694b50a645e9f6a,35,0.38311868495572876,Type3
0,604da5cf2694b50a645e9f6b,30,0.26101572156825364,Type3
0,604da5d32694b50a645e9f6c,20,0.26101572156825364,Type5
0,604da5d82694b50a645e9f6d,25,0.26101572156825364,Type4
0,604da5e12694b50a645e9f6e,98,0.8254041852680184,Type4
0,604da5e52694b50a645e9f6f,50,0.6812920690579612,Type4
0,604da5ea2694b50a645e9f70,33,0.26101572156825364,Type3
0,604da5ea2694b50a645e9f71,62,0.5623413251903491,Type3
0,604da5ef2694b50a645e9f72,46,0.4641588833612778,Type4
0,604da5ef2694b50a645e9f73,60,0.6812920690579612,Type5
0,604da5f52694b50a645e9f74,26,0.26101572156825364,Type2
0,604da5f62694b50a645e9f75,56,0.5623413251903491,Type4
0,604da5fd2694b50a645e9f76,70,0.8254041852680184,Type2
0,604da6032694b50a645e9f77,20,0.17782794100389226,Type1
0,604da60c2694b50a645e9f78,60,0.6812920690579612,Type3
0,604da6102694b50a645e9f79,55,0.6812920690579612,Type2
0,604da6162694b50a645e9f7a,20,0.2610157215682537,Type4
0,604da61c2694b50a645e9f7b,45,0.4641588833612778,Type3
0,604da6202694b50a645e9f7c,33,0.3162277660168379,Type2
0,604da6212694b50a645e9f7d,23,0.8254041852680184,Type1
0,604da6252694b50a645e9f7e,25,0.17782794100389226,Type2
0,604da6252694b50a645e9f7f,25,0.2154434690031884,Type3
0,604da62b2694b50a645e9f80,28,0.38311868495572876,Type5
0,604da62b2694b50a645e9f81,35,0.26101572156825364,Type3
0,604da6302694b50a645e9f82,29,0.26101572156825364,Type3
0,604da6322694b50a645e9f83,25,0.2610157215682537,Type2
0,604da6392694b50a645e9f84,24,0.17782794100389226,Type5
0,604da6392694b50a645e9f85,37,0.3162277660168379,Type3
0,604da6402694b50a645e9f86,36,0.2154434690031884,Type3
0,604da6412694b50a645e9f87,30,0.3162277660168379,Type3
0,604da64c2694b50a645e9f88,40,0.38311868495572876,Type4
0,604da65f2694b50a645e9f89,27,0.26101572156825364,Type5
0,604da6622694b50a645e9f8a,46,0.3162277660168379,Type1
0,604da6662694b50a645e9f8b,26,0.2610157215682537,Type5
0,604da6682694b50a645e9f8c,29,0.26101572156825364,Type4
0,604da66d2694b50a645e9f8d,39,0.3162277660168379,Type2
0,604da6702694b50a645e9f8e,34,0.26101572156825364,Type5
0,604da6702694b50a645e9f8f,30,0.3162277660168379,Type5
0,604da6742694b50a645e9f90,20,0.17782794100389226,Type4
0,604da6772694b50a645e9f91,68,0.6812920690579612,Type3
0,604da67c2694b50a645e9f92,60,0.6812920690579612,Type1
0,604da67d2694b50a645e9f93,70,0.6812920690579612,Type4
0,604da6842694b50a645e9f94,29,0.26101572156825364,Type1
0,604da6862694b50a645e9f95,33,0.2154434690031884,Type1
0,604da6882694b50a645e9f96,30,0.26101572156825364,Type3
0,604da68c2694b50a645e9f97,90,0.6812920690579612,Type4
0,604da68d2694b50a645e9f98,20,0.17782794100389226,Type3
0,604da6922694b50a645e9f99,30,0.26101572156825364,Type1
0,604da6942694b50a645e9f9a,48,0.4641588833612778,Type2
0,604da6972694b50a645e9f9b,60,0.6812920690579612,Type3
0,604da69a2694b50a645e9f9c,37,0.3162277660168379,Type5
0,604da69c2694b50a645e9f9d,30,0.26101572156825364,Type2
0,604da69e2694b50a645e9f9e,20,0.2154434690031884,Type4
0,604da6a22694b50a645e9f9f,25,0.26101572156825364,Type5
0,604da6a32694b50a645e9fa0,33,0.2154434690031884,Type2
0,604da6a92694b50a645e9fa1,76,0.6812920690579612,Type1
0,604da6ab2694b50a645e9fa2,20,0.26101572156825364,Type5
0,604da6af2694b50a645e9fa3,50,0.4641588833612778,Type1
0,604da6b02694b50a645e9fa4,25,0.26101572156825364,Type1
0,604da6b52694b50a645e9fa5,60,0.6812920690579612,Type4
0,604da6b62694b50a645e9fa6,88,0.6812920690579612,Type5
0,604da6b92694b50a645e9fa7,25,0.26101572156825364,Type4
0,604da6c12694b50a645e9fa8,24,0.26101572156825364,Type2
0,604da6c12694b50a645e9fa9,86,0.5623413251903491,Type5
0,604da6c52694b50a645e9faa,55,0.6812920690579612,Type2
0,604da6c62694b50a645e9fab,20,0.2154434690031884,Type5
0,604da6ca2694b50a645e9fac,34,0.6812920690579612,Type5
0,604da6ca2694b50a645e9fad,68,0.5623413251903491,Type1
0,604da6d02694b50a645e9fae,60,0.6812920690579612,Type1
0,604da6d02694b50a645e9faf,70,0.5623413251903491,Type5
0,604da6d42694b50a645e9fb0,20,0.26101572156825364,Type4
0,604da6d52694b50a645e9fb1,38,0.3162277660168379,Type1
0,604da6da2694b50a645e9fb2,10,0.10104794055507389,Type7
0,604da6de2694b50a645e9fb3,36,0.3162277660168379,Type4
0,604da6e62694b50a645e9fb4,14,0.17781344634237695,Type7
0,604da6eb2694b50a645e9fb5,25,0.23711179426104764,Type6
0,604da6ef2694b50a645e9fb6,25,0.23711179426104764,Type7
0,604da6f22694b50a645e9fb7,18,0.226766300663776,Type6
0,604da6f52694b50a645e9fb8,10,0.09793753668374637,Type6
0,604da6fb2694b50a645e9fb9,17,0.17781344634237695,Type6
0,604da6fe2694b50a645e9fba,25,0.226766300663776,Type7
0,604da7012694b50a645e9fbb,10,0.09793753668374637,Type7
0,604da7042694b50a645e9fbc,48,0.34410968998470404,Type7
0,604da7092694b50a645e9fbd,19,0.15767031652337765,Type6
0,604da70d2694b50a645e9fbe,29,0.23814622953917539,Type7
0,604da7112694b50a645e9fbf,20,0.23814622953917539,Type6
0,604da7172694b50a645e9fc0,18,0.10104794055507389,Type6
0,604da71e2694b50a645e9fc1,17,0.15587856412621334,Type6
0,604da7222694b50a645e9fc2,19,0.15587856412621334,Type7
0,604da7272694b50a645e9fc3,10,0.11506164886292172,Type6
0,604da72f2694b50a645e9fc4,50,0.34410968998470404,Type6
0,604da7352694b50a645e9fc5,12,0.11506164886292172,Type7
0,604da7392694b50a645e9fc6,20,0.15767031652337765,Type7
0,604da7592694b50a645e9fc7,89,0.8254041852680184,Type1
0,604da7612694b50a645e9fc8,95,0.8254041852680183,Type4
0,604da7672694b50a645e9fc9,60,0.6812920690579612,Type5
0,604da7682694b50a645e9fca,30,0.26101572156825364,Type2
0,604da76e2694b50a645e9fcb,50,0.5623413251903492,Type2
0,604da7702694b50a645e9fcc,36,0.2610157215682537,Type3
0,604da7722694b50a645e9fcd,50,0.46415888336127786,Type3
0,604da7752694b50a645e9fce,49,0.4641588833612778,Type5
0,604da7772694b50a645e9fcf,60,0.6812920690579612,Type4
0,604da77a2694b50a645e9fd0,70,0.6812920690579612,Type3
0,604da77c2694b50a645e9fd1,20,0.21544346900318834,Type2
0,604da77e2694b50a645e9fd2,65,0.6812920690579612,Type2
0,604da7832694b50a645e9fd3,79,0.8254041852680184,Type5
0,604da7852694b50a645e9fd4,75,0.5623413251903491,Type4
0,604da7882694b50a645e9fd5,40,0.46415888336127786,Type2
0,604da7882694b50a645e9fd6,70,0.6812920690579612,Type1
0,604da78d2694b50a645e9fd7,25,0.46415888336127786,Type5
0,604da78f2694b50a645e9fd8,73,0.6812920690579612,Type2
0,604da7932694b50a645e9fd9,55,0.5623413251903491,Type2
0,604da7942694b50a645e9fda,19,0.21544346900318834,Type4
0,604da7992694b50a645e9fdb,35,0.2610157215682537,Type1
0,604da79c2694b50a645e9fdc,23,0.8254041852680183,Type2
0,604da79e2694b50a645e9fdd,28,0.26101572156825364,Type1
0,604da7a32694b50a645e9fde,65,0.5623413251903491,Type2
0,604da7a42694b50a645e9fdf,78,0.8254041852680184,Type4
0,604da7a82694b50a645e9fe0,85,0.8254041852680184,Type2
0,604da7a92694b50a645e9fe1,20,0.2154434690031884,Type4
0,604da7ad2694b50a645e9fe2,48,0.46415888336127786,Type4
0,604da7b12694b50a645e9fe3,57,0.5623413251903491,Type3
0,604da7b22694b50a645e9fe4,60,0.8254041852680183,Type5
0,604da7b62694b50a645e9fe5,55,0.5623413251903492,Type1
0,604da7b62694b50a645e9fe6,35,0.26101572156825364,Type4
0,604da7ba2694b50a645e9fe7,60,0.5623413251903491,Type1
0,604da7bc2694b50a645e9fe8,75,0.8254041852680183,Type1
0,604da7be2694b50a645e9fe9,26,0.2154434690031884,Type2
0,604da7c32694b50a645e9fea,63,0.6812920690579612,Type5
0,604da7c52694b50a645e9feb,55,0.5623413251903492,Type3
0,604da7c72694b50a645e9fec,20,0.2154434690031884,Type5
0,604da7ca2694b50a645e9fed,95,0.8254041852680183,Type3
0,604da7ca2694b50a645e9fee,25,0.2154434690031884,Type1
0,604da7cf2694b50a645e9fef,25,0.21544346900318834,Type5
0,604da7d32694b50a645e9ff0,15,0.10186044135106155,Type6
0,604da7da2694b50a645e9ff1,64,0.5232138242335167,Type7
0,604da7dd2694b50a645e9ff2,76,0.8254041852680184,Type3
0,604da7e02694b50a645e9ff3,20,0.18494892556892484,Type6
0,604da7e42694b50a645e9ff4,20,0.21544346900318834,Type2
0,604da7e52694b50a645e9ff5,25,0.2411563708061304,Type7
0,604da7e72694b50a645e9ff6,50,0.46415888336127786,Type1
0,604da7eb2694b50a645e9ff7,24,0.15787748873547147,Type6
0,604da7ef2694b50a645e9ff8,40,0.5623413251903492,Type5
0,604da7f02694b50a645e9ff9,50,0.5232138242335167,Type6
0,604da7f32694b50a645e9ffa,60,0.6812920690579612,Type1
0,604da7f42694b50a645e9ffb,25,0.18494892556892484,Type7
0,604da7f92694b50a645e9ffc,70,0.6812920690579612,Type2
0,604da7fa2694b50a645e9ffd,20,0.2411563708061304,Type6
0,604da7ff2694b50a645e9ffe,20,0.13932161491645417,Type7
0,604da8002694b50a645e9fff,83,0.8254041852680183,Type4
0,604da8042694b50a645ea000,20,0.21544346900318834,Type4
0,604da8092694b50a645ea001,30,0.2758503032422891,Type7
0,604da80e2694b50a645ea002,60,0.47300213397125085,Type6
0,604da8132694b50a645ea003,15,0.10551672719362098,Type6
0,604da8162694b50a645ea004,10,0.10551672719362098,Type7
0,604da8182694b50a645ea005,70,0.8254041852680183,Type3
0,604da81c2694b50a645ea006,24,0.21315552189871023,Type6
0,604da81e2694b50a645ea007,40,0.3831186849557288,Type4
0,604da8202694b50a645ea008,10,0.10186044135106155,Type7
0,604da8232694b50a645ea009,55,0.6812920690579612,Type3
0,604da8282694b50a645ea00a,13,0.13932161491645417,Type6
0,604da82c2694b50a645ea00b,62,0.47300213397125085,Type7
0,604da82d2694b50a645ea00c,84,0.8254041852680184,Type2
0,604da82f2694b50a645ea00d,20,0.15787748873547147,Type7
0,604da8332694b50a645ea00e,86,0.8254041852680184,Type4
0,604da8342694b50a645ea00f,34,0.21315552189871023,Type7
0,604da8382694b50a645ea010,25,0.21544346900318834,Type3
0,604da83a2694b50a645ea011,35,0.2758503032422891,Type6
0,604da83d2694b50a645ea012,48,0.5623413251903492,Type4
0,604da8422694b50a645ea013,45,0.3831186849557288,Type1
0,604da8472694b50a645ea014,76,0.8254041852680184,Type3
0,604da84d2694b50a645ea015,79,0.8254041852680184,Type5
0,604da8512694b50a645ea016,38,0.3831186849557288,Type5
0,604da8552694b50a645ea017,79,0.8254041852680184,Type1
0,604da8582694b50a645ea018,25,0.21544346900318834,Type1
0,604da85c2694b50a645ea019,47,0.3831186849557288,Type3
0,604da85f2694b50a645ea01a,20,0.21544346900318834,Type3
0,604da8632694b50a645ea01b,89,0.8254041852680183,Type1
0,604da8672694b50a645ea01c,33,0.3831186849557288,Type2
0,604da86b2694b50a645ea01d,96,0.8254041852680183,Type2
0,604da8712694b50a645ea01e,98,0.8254041852680183,Type5
0,604da8752694b50a645ea01f,20,0.21544346900318834,Type5
0,604da87b2694b50a645ea020,20,0.21544346900318834,Type1
0,604da8832694b50a645ea021,10,0.13703582660339048,Type7
0,604da8882694b50a645ea022,20,0.1857717200266521,Type7
0,604da8912694b50a645ea023,50,0.46386167435457776,Type6
0,604da8992694b50a645ea024,15,0.11845967039356844,Type6
0,604da89f2694b50a645ea025,52,0.46386167435457776,Type7
0,604da8a82694b50a645ea026,26,0.21562379431409423,Type7
0,604da8b32694b50a645ea027,17,0.1178911266411696,Type6
0,604da8b72694b50a645ea028,57,0.4734777137351033,Type6
0,604da8bf2694b50a645ea029,13,0.11845967039356844,Type7
0,604da8c82694b50a645ea02a,55,0.4734777137351033,Type7
0,604da8d42694b50a645ea02b,18,0.21562379431409423,Type6
0,604da8db2694b50a645ea02c,15,0.1857717200266521,Type6
0,604da8e62694b50a645ea02d,24,0.12375417130515588,Type6
0,604da8ea2694b50a645ea02e,24,0.13703582660339048,Type6
0,604da8ee2694b50a645ea02f,47,0.37333631360996994,Type7
0,604da8f32694b50a645ea030,54,0.37333631360996994,Type6
0,604da8f72694b50a645ea031,40,0.34487146798284973,Type7
0,604da8fb2694b50a645ea032,10,0.1178911266411696,Type7
0,604da8fe2694b50a645ea033,10,0.12375417130515588,Type7
0,604da9052694b50a645ea034,40,0.34487146798284973,Type6