"","x"
"1",3.52868237162645
"2",2.00842515939202
"3",0.996962162840275
"4",2.96590089669221
"5",3.70303731923358
"6",-0.774523987516685
"7",2.81217532188981
"8",4.62697123905613
"9",2.63843815147596
"10",2.81217532188981
"11",3.10174779977662
"12",3.13965473233221
"13",2.39347301358318
"14",1.89107370124338
"15",-0.587666060116767
"16",0.858483565956083
"17",3.12252557031829
"18",0.735884778296861
"19",-1.9759248716944
"20",2.96590089669221
"21",0.996962162840275
"22",3.96951140902503
"23",3.12252557031829
"24",2.51326628011891
"25",1.36993068076199
"26",2.48144916447465
"27",2.71909174333212
"28",2.22200650861346
"29",0.664101839560574
"30",3.26071543557371
"31",2.19679003608829
"32",3.07670761454399
"33",3.26071543557372
"34",3.65358533231738
"35",2.92306957293103
"36",1.36993068076199
"37",0.773246657781745
"38",3.65358533231738
"39",3.65358533231738
"40",-0.495915268226447
"41",0.996962162840275
"42",1.369930680762
"43",1.36993068076199
"44",3.65358533231738
"45",3.25412359940276
"46",2.92306957293103
"47",1.89107370124338
"48",1.369930680762
"49",2.92306957293103
"50",3.65358533231738
"51",3.42973121196142
"52",3.77772124764299
"53",2.07488204893462
"54",3.76360708823637
"55",2.1028779169727
"56",2.48074089607955
"57",2.17962021706683
"58",3.66400256907974
"59",2.85061936048
"60",1.89350445242354
"61",3.6523970568498
"62",3.12427142009233
"63",1.24625974737871
"64",1.97934608965534
"65",3.31532648097566
"66",3.21829401571782
"67",1.5249382231717
"68",-1.13879767278822
"69",-1.13879767278822
"70",2.69468838943802
"71",1.36993068076199
"72",2.93836456423337
"73",3.15232418951956
"74",3.80976713524081
"75",2.66882997371012
"76",4.11621551351747
"77",2.92306957293103
"78",2.92306957293103
"79",1.96009184440477
"80",1.96009184440477
"81",0.805520793397008
"82",1.70230598194968
"83",3.65358533231738
"84",2.50218253755297
"85",3.75512508894917
"86",3.58445663853374
"87",3.65358533231738
"88",1.22786790644988
"89",3.58445663853374
"90",3.58445663853374
"91",2.92306957293103
"92",3.08784016669394
"93",2.87621357292046
"94",2.92306957293103
"95",2.63843815147596
"96",1.36993068076199
"97",1.96009184440477
"98",1.22786790644988
"99",1.80827111271593
"100",0.294632107301185
"101",1.36993068076199
"102",3.08784016669394
"103",1.70230598194968
"104",3.04512960241385
"105",4.19015708395978
"106",5.75551327815247
"107",0.294632107301185
"108",3.65358533231738
"109",0.996962162840275
"110",1.36993068076199
"111",0.996962162840275
"112",3.04512960241385
"113",3.62552836263372
"114",1.36993068076199
"115",3.6628228463606
"116",2.92306957293103
"117",3.65358533231738
"118",3.65358533231738
"119",3.65358533231738
"120",2.92306957293103
"121",1.52122913478798
"122",1.52122913478798
"123",2.88810570245877
"124",2.88810570245877
"125",2.07718474408086
"126",2.71286400201062
"127",2.16046576823105
"128",2.09860868826745
"129",2.09860868826745
"130",3.24345455424869
"131",3.20474008766306
"132",0.638044912872972
"133",2.31089271730075
"134",3.37740100571977
"135",2.75915562541418
"136",2.43081967729004
"137",2.31089271730075
"138",2.02113794781302
"139",3.0840644311533
"140",3.17935790077303
"141",3.94830821380716
"142",1.369930680762
"143",3.45887976018168
"144",2.58395059891013
"145",0.773246657781733
"146",-0.298439402559187
"147",3.3213210389741
"148",4.50242089634804
"149",2.48144916447465
"150",4.03202434294282
"151",1.4143620842542
"152",2.22200650861347
"153",3.30609705845686
"154",2.70948658543186
"155",4.26710179363173
"156",3.50578075734675
"157",4.04796481208767
"158",0.623762317562205
"159",3.04512960241385
"160",0.858483565956083
"161",4.04796481208767
"162",1.96009184440477
"163",2.80648762110917
"164",2.22200650861347
"165",1.41436208425419
"166",3.6628228463606
"167",1.41436208425419
"168",2.92306957293103
"169",1.1726199415378
"170",3.04512960241385
"171",0.996962162840275
"172",1.4143620842542
"173",1.36993068076199
"174",3.10174779977662
"175",4.20452172952876
"176",2.22200650861346
"177",3.07670761454399
"178",1.70230598194968
"179",2.92306957293103
"180",3.6628228463606
"181",4.50242089634804
"182",2.00842515939202
"183",2.63843815147597
"184",2.22200650861346
"185",1.69000228927575
"186",1.96009184440477
"187",1.36993068076199
"188",0.294632107301189
"189",1.41436208425419
"190",3.48884558742919
"191",3.73144439095602
"192",3.06282674735442
"193",3.24763286975973
"194",-0.411310545155652
"195",2.24181432039873
"196",2.24181432039873
"197",1.15919616702137
"198",1.15919616702137
"199",0.225971654459805
"200",1.74677820847154
"201",1.11740560013639
"202",1.56929465417879
"203",2.89799516401488
"204",2.86545896204672
"205",1.86630537260026
"206",3.31470962530942
"207",4.22079247022129
"208",2.26186220633506
"209",0.97256273883037
"210",2.30745485669748
"211",0.858483565956083
"212",3.15232418951956
"213",2.70948658543185
"214",1.7810946511241
"215",2.76831805337595
"216",0.858483565956083
"217",1.4143620842542
"218",1.89107370124338
"219",3.52868237162645
"220",3.65358533231738
"221",2.93836456423336
"222",2.92306957293103
"223",0.623762317562192
"224",3.04512960241385
"225",1.41436208425418
"226",2.70948658543185
"227",3.65358533231738
"228",3.07670761454399
"229",2.92306957293103
"230",2.80648762110917
"231",0.858483565956083
"232",2.92306957293103
"233",1.369930680762
"234",1.4143620842542
"235",2.92306957293103
"236",3.58445663853374
"237",1.4143620842542
"238",0.858483565956083
"239",0.442686129566438
"240",3.74812504756422
"241",0.858483565956083
"242",0.858483565956083
"243",2.92306957293103
"244",3.74812504756422
"245",3.6628228463606
"246",0.858483565956083
"247",0.442686129566438
"248",4.08710578047263
"249",1.41436208425419
"250",4.23961704763275
"251",0.636178577166398
"252",2.36088914099784
"253",1.74808871155434
"254",1.93097628650944
"255",0.522928030155462
"256",3.07670761454399
"257",2.44277593332651
"258",0.858483565956083
"259",0.858483565956083
"260",0.858483565956083
"261",0.343774207192653
"262",0.447644906686126
"263",2.39752807472275
"264",0.343774207192653
"265",3.31918495026843
"266",0.447644906686126
"267",0.724459843525098
"268",0.465465672906091
"269",0.460054879381252
"270",2.22720816251566
"271",0.460054879381252
"272",0.902449527373003
"273",2.98803012306941
"274",2.53635791092811
"275",-0.816723393554624
"276",0.598826133991712
"277",1.55281945357303
"278",0.724459843525098
"279",-0.319718226989408
"280",1.81331279961386
"281",4.19015708395978
"282",2.70948658543186
"283",1.7810946511241
"284",0.623762317562192
"285",-0.419320765658235
"286",2.75441221118061
"287",3.15232418951956
"288",4.50242089634804
"289",4.13623909298809
"290",6.3635601930219
"291",3.6628228463606
"292",3.15232418951956
"293",2.87621357292046
"294",1.84022275445509
"295",2.71823077194136
"296",4.50242089634804
"297",4.55953177124672
"298",3.76348095598804
"299",4.19015708395978
"300",4.21572930743202
"301",4.54486900083622
"302",2.93836456423337
"303",0.996962162840275
"304",1.70230598194968
"305",0.858483565956083
"306",4.77305773549228
"307",5.08845659400802
"308",4.07151655147529
"309",3.15232418951956
"310",3.75512508894917
"311",2.92306957293103
"312",1.22786790644988
"313",2.80648762110917
"314",0.919048257389318
"315",0.919048257389318
"316",0.858483565956083
"317",4.07151655147529
"318",3.35814400822423
"319",0.442686129566438
"320",3.04512960241385
"321",1.369930680762
"322",2.00842515939202
"323",3.58445663853374
"324",0.996962162840275
"325",3.04512960241385
"326",2.26696102708022
"327",1.47999297958766
"328",1.22502610190845
"329",1.22502610190845
"330",2.39123274049189
"331",1.56013997795327
"332",4.19015708395978
"333",0.858483565956083
"334",2.80648762110917
"335",1.1726199415378
"336",2.44277593332651
"337",4.19015708395978
"338",2.44277593332651
"339",1.1726199415378
"340",0.858483565956077
"341",0.858483565956077
"342",2.44277593332651
"343",2.66882997371012
"344",2.70948658543186
"345",2.44277593332651
"346",1.96009184440477
"347",3.04512960241385
"348",1.41436208425419
"349",2.44277593332651
"350",2.66882997371012
"351",2.02752261209655
"352",1.30082704422767
"353",1.47835020140356
"354",1.41436208425419
"355",3.94830821380716
"356",4.91906386075021
"357",4.91906386075021
"358",3.84389668887496
"359",3.94830821380716
"360",4.12406906323833
"361",4.36914667710585
"362",2.39347301358318
"363",0.326775368349518
"364",2.68635899506747
"365",0.773246657781745
"366",2.22200650861347
"367",-1.47741180159997
"368",-0.886597307752829
"369",0.442686129566438
"370",1.87397793835038
"371",3.86204350437716
"372",2.71909174333212
"373",2.22200650861347
"374",2.26697584116962
"375",2.1495417937269
"376",1.32321059895827
"377",3.88242556275096
"378",1.74808871155434
"379",0.326775368349518
"380",1.1726199415378
"381",2.48144916447465
"382",0.326775368349518
"383",4.50242089634804
"384",2.71909174333212
"385",4.48279231103072
"386",2.22200650861347
"387",3.49239248722896
"388",1.1726199415378
"389",2.94656462512554
"390",2.1495417937269
"391",0.326775368349518
"392",2.70948658543185
"393",2.75441221118061
"394",4.20452172952876
"395",1.1726199415378
"396",3.04512960241385
"397",3.38361700185199
"398",0.326775368349518
"399",4.19015708395978
"400",0.326775368349518
"401",1.45826471567561
"402",3.55431583131587
"403",2.26697584116962
"404",2.64748397371811
"405",0.590489409942182
"406",0.620898353361306
"407",2.67623937075144
"408",-0.311741031384939
"409",3.52830031651072
"410",2.32481872454844
"411",-0.311741031384939
"412",2.90799767262077
"413",-1.35153169170176
"414",0.586779030705576
"415",0.768731513155081
"416",1.99431326162009
"417",-0.872422414823833
"418",2.7885070497975
"419",1.69598125534982
"420",2.54560070475391
"421",0.586779030705576
"422",-0.254096850511711
"423",2.6646775385513
"424",4.03202434294282
"425",1.96009184440477
"426",2.81217532188981
"427",1.89107370124338
"428",0.587099374554687
"429",2.44277593332651
"430",3.08784016669394
"431",1.89107370124338
"432",2.76831805337595
"433",0.294632107301185
"434",2.76831805337595
"435",1.89107370124338
"436",0.623762317562192
"437",1.89107370124338
"438",0.294632107301185
"439",0.294632107301185
"440",2.75441221118061
"441",1.89107370124338
"442",2.70948658543185
"443",2.70948658543186
"444",0.294632107301185
"445",1.89107370124338
"446",5.07506670337196
"447",0.858483565956083
"448",0.805520793397017
"449",3.07670761454399
"450",0.623762317562205
"451",3.52868237162645
"452",2.70948658543185
"453",4.72023098681604
"454",0.623762317562192
"455",0.623762317562192
"456",2.66882997371012
"457",3.74812504756422
"458",0.294632107301185
"459",3.13965473233221
"460",2.70948658543185
"461",0.294632107301185
"462",0.294632107301185
"463",3.07670761454399
"464",4.42900584206287
"465",2.63843815147596
"466",2.63843815147596
"467",3.52868237162646
"468",0.858483565956077
"469",3.52868237162645
"470",4.55070791261185
"471",2.66882997371012
"472",2.70948658543185
"473",3.55431583131587
"474",1.49813485797145
"475",1.20235141601476
"476",-0.213781071097388
"477",0.615240830346321
"478",2.89243516177977
"479",2.99074719933457
"480",-0.213781071097388
"481",-0.642602252346286
"482",2.20459258204732
"483",0.789142880669681
"484",1.06791701577379
"485",2.82708821850807
"486",0.615240830346321
"487",3.76416917360143
"488",1.47429640039275
"489",1.84283128004228
"490",1.3053979685663
"491",2.73028063834579
"492",3.10670893640565
"493",1.81637544881727
"494",4.42900584206287
"495",2.63843815147596
"496",3.77706318390031
"497",1.89107370124338
"498",3.54465191471262
"499",0.623762317562192
"500",4.20452172952876
"501",2.92306957293103
"502",3.74812504756422
"503",1.70230598194968
"504",0.623762317562192
"505",3.48884558742919
"506",2.75441221118061
"507",1.84022275445509
"508",2.93836456423336
"509",1.369930680762
"510",3.48884558742919
"511",1.84022275445509
"512",2.93836456423336
"513",0.996962162840275
"514",3.07670761454399
"515",2.73754549157424
"516",2.73754549157424
"517",0.858483565956083
"518",1.41436208425418
"519",5.69524587533658
"520",5.20214857250254
"521",3.74812504756422
"522",2.76831805337595
"523",0.739283786555269
"524",2.76831805337595
"525",1.7810946511241
"526",2.80648762110917
"527",0.294632107301185
"528",3.55431583131587
"529",1.80827111271593
"530",2.92306957293103
"531",0.739283786555269
"532",2.92306957293103
"533",1.41436208425418
"534",3.65358533231738
"535",2.75441221118061
"536",0.739283786555269
"537",2.80648762110917
"538",2.93836456423336
"539",2.73754549157424
"540",3.55431583131587
"541",2.80648762110917
"542",2.00842515939202
"543",0.739283786555269
"544",1.54190728414444
"545",5.09361880894874
"546",-1.00232560429216
"547",-0.0779930666643523
"548",3.21763792946099
"549",-1.00232560429216
"550",2.55555200241208
"551",0.932744949814677
"552",0.932744949814677
"553",1.22540329591763
"554",-0.29660606263177
"555",3.30466121026958
"556",0.175192257484321
"557",-1.43841852017866
"558",-0.29660606263177
"559",2.55555200241208
"560",2.6098996782989
"561",0.756457022887083
"562",3.09772255983922
"563",0.175192257484321
"564",2.96590089669221
"565",1.70230598194968
"566",0.773246657781745
"567",0.773246657781745
"568",1.41436208425418
"569",1.84180468328155
"570",0.773246657781745
"571",1.41436208425418
"572",0.858483565956083
"573",1.84180468328155
"574",2.80648762110917
"575",0.996962162840275
"576",0.623762317562192
"577",3.86637208138365
"578",0.294632107301185
"579",3.9620475065302
"580",2.81217532188981
"581",1.89107370124338
"582",1.89107370124338
"583",3.17367559233955
"584",0.773246657781745
"585",0.773246657781745
"586",1.41436208425418
"587",2.80648762110917
"588",3.3213210389741
"589",-0.495915268226447
"590",0.773246657781745
"591",3.17367559233955
"592",2.00842515939202
"593",2.92306957293103
"594",1.89107370124338
"595",1.89107370124338
"596",0.996962162840275
"597",0.623762317562192
"598",2.76831805337595
"599",3.13965473233221
"600",1.70230598194968
"601",3.74812504756422
"602",0.996962162840275
"603",1.7810946511241
"604",2.80648762110917
"605",4.19015708395978
"606",0.773246657781745
"607",1.89107370124338
"608",2.92306957293103
"609",1.41436208425418
"610",2.44277593332651
"611",3.51562017983964
"612",0.858483565956083
"613",2.76831805337595
"614",2.2481811796736
"615",3.18938890171586
"616",2.65500779732321
"617",3.19026008452651
"618",2.64042718241742
"619",2.03774567651397
"620",2.10383258601514
"621",3.54295242701233
"622",2.64042718241742
"623",2.93951703024547
"624",4.24347217667352
"625",2.82904465089235
"626",2.95435178852839
"627",1.39951108803362
"628",3.40305712142253
"629",1.86319378102069
"630",2.07235218778495
"631",2.72123952721195
"632",0.957108268926625
"633",1.60610190980499
"634",1.89107370124338
"635",4.5570968576573
"636",2.66882997371012
"637",1.74808871155434
"638",3.29471359362943
"639",2.46001471637168
"640",1.23825646104652
"641",2.22200650861346
"642",1.41436208425418
"643",1.89107370124338
"644",2.76831805337595
"645",0.805520793397008
"646",0.442686129566438
"647",3.87434633870133
"648",0.442686129566438
"649",2.12404106275325
"650",1.41436208425418
"651",2.12404106275326
"652",0.587099374554697
"653",2.75441221118061
"654",3.50578075734675
"655",0.858483565956083
"656",3.64411278181313
"657",3.76348095598804
"658",-1.47741180159994
"659",3.15232418951956
"660",3.15232418951956
"661",3.6628228463606
"662",0.805520793397017
"663",2.66882997371011
"664",2.66882997371012
"665",0.805520793397008
"666",3.10108745982419
"667",3.52868237162645
"668",3.86598343749932
"669",3.06335323232735
"670",3.29471359362943
"671",3.76348095598804
"672",2.7009331238699
"673",1.89107370124338
"674",1.80827111271592
"675",-1.19472902416951
"676",3.08784016669394
"677",4.03202434294282
"678",3.06335323232735
"679",1.96009184440477
"680",4.97081374592861
"681",4.41678114940812
"682",1.74808871155433
"683",3.76348095598804
"684",3.01877216096121
"685",-0.649009865783383
"686",5.31393070040319
"687",5.21510485419396
"688",-0.664723008169301
"689",0.140394596755891
"690",1.23329051747963
"691",0.476377776415969
"692",4.20060464048194
"693",2.20548077531414
"694",1.76181553797051
"695",1.74460289677485
"696",3.87093771880685
"697",2.92645039844322
"698",3.28966903075559
"699",0.140394596755891
"700",0.897722073580424
"701",1.40469820093917
"702",3.45338495945068
"703",2.57385752730083
"704",3.72837844088983
"705",2.66882997371012
"706",3.06335323232735
"707",2.71909174333212
"708",-1.9759248716944
"709",1.74808871155434
"710",2.44277593332651
"711",0.442686129566446
"712",0.326775368349518
"713",0.996962162840275
"714",3.30609705845686
"715",1.36993068076199
"716",4.66443348973803
"717",1.89107370124338
"718",4.41678114940812
"719",-1.9759248716944
"720",0.623762317562192
"721",-0.00608208449682472
"722",1.74808871155434
"723",1.36993068076199
"724",2.7009331238699
"725",-1.47741180159997
"726",1.89107370124338
"727",3.39792455048879
"728",2.22200650861347
"729",3.30609705845686
"730",1.74808871155434
"731",0.587099374554697
"732",1.84180468328155
"733",0.773246657781745
"734",0.996962162840275
"735",2.19679003608828
"736",2.26697584116962
"737",2.55848009896813
"738",2.18297456023826
"739",-0.495915268226447
"740",3.21010935507665
"741",2.08889020130681
"742",3.22637481522698
"743",2.94656462512554
"744",2.66882997371012
"745",1.43781985961398
"746",-1.47741180159997
"747",-1.47741180159994
"748",2.51326628011891
"749",-0.886597307752829
"750",3.69997277472755
"751",3.99962061998922
"752",4.19842598696951
"753",1.34533297497628
"754",3.57178206353142
"755",2.71909174333212
"756",1.89107370124338
"757",0.623762317562192
"758",4.53941983188658
"759",0.996962162840275
"760",0.587099374554697
"761",3.9620475065302
"762",3.15232418951956
"763",3.86637208138365
"764",4.45915571579654
"765",1.34533297497629
"766",1.84180468328154
"767",1.7810946511241
"768",0.996962162840275
"769",0.858483565956083
"770",3.9064859200495
"771",2.08889020130681
"772",1.36993068076199
"773",0.326775368349518
"774",3.65358533231738
"775",3.58445663853374
"776",3.78796851757996
"777",2.19679003608828
"778",3.39262288431737
"779",2.32071372751687
"780",4.74904439120264
"781",3.58445663853374
"782",3.3213210389741
"783",2.92306957293103
"784",4.82039378826527
"785",1.1726199415378
"786",0.805520793397008
"787",2.66882997371012
"788",3.15232418951956
"789",2.80648762110917
"790",4.80172090164597
"791",2.80648762110917
"792",1.96009184440477
"793",1.0168014024295
"794",1.3851256404227
"795",3.46889170896986
"796",2.66882997371012
"797",2.4717508517179
"798",2.19679003608828
"799",0.814931067575461
"800",2.62705426242786
"801",-1.47741180159994
"802",2.44207017200334
"803",0.0334093886692537
"804",3.09544611145388
"805",2.99597111357202
"806",3.16634432507485
"807",4.72023098681604
"808",2.2836228532246
"809",0.442686129566438
"810",2.68576289998176
"811",2.61594115375569
"812",2.81217532188981
"813",0.442686129566438
"814",3.88354399698829
"815",0.442686129566438
"816",0.17661611947904
"817",0.294632107301185
"818",3.65671911092963
"819",2.63843815147596
"820",2.43321791448245
"821",2.97251480049591
"822",1.99238186561294
"823",4.45081475749053
"824",1.99238186561294
"825",3.43215619436342
"826",2.25395236976972
"827",2.53455690330377
"828",1.42629448770137
"829",-1.38580936343445
"830",1.84431187675063
"831",2.92984539731377
"832",3.30265906346686
"833",2.92984539731377
"834",0.643805047582529
"835",2.61253509324751
"836",1.46982243918267
"837",-0.243233401488376
"838",0.883503278561361
"839",3.81923633138902
"840",3.81939250911111
"841",2.3553834242419
"842",2.26226016380761
"843",3.87373285701609
"844",2.76498826571524
"845",5.02969221932482
"846",2.75441221118061
"847",1.41436208425418
"848",4.50242089634804
"849",5.40102308077887
"850",1.70230598194968
"851",1.4143620842542
"852",2.92306957293103
"853",2.66882997371012
"854",4.72023098681604
"855",4.03202434294282
"856",4.03202434294282
"857",3.58445663853374
"858",4.16251573056807
"859",4.16251573056807
"860",6.3692120270191
"861",6.09284606538993
"862",1.96009184440477
"863",6.3692120270191
"864",3.55431583131587
"865",6.09284606538993
"866",4.9885836537629
"867",4.97081374592861
"868",6.09284606538993
"869",6.09284606538993
"870",1.96009184440477
"871",6.3692120270191
"872",2.92306957293103
"873",1.369930680762
"874",0.442686129566438
"875",3.50578075734675
"876",0.587099374554693
"877",0.442686129566438
"878",5.81657750071309
"879",4.03202434294282
"880",4.06589767412118
"881",0.996962162840275
"882",2.92306957293103
"883",5.46019957859507
"884",6.09284606538993
"885",5.81657750071309
"886",2.66882997371012
"887",3.58445663853374
"888",6.09284606538993
"889",2.66882997371012
"890",2.92306957293103
"891",5.59258282001534
"892",5.02969221932482
"893",3.58445663853374
"894",5.26441889744183
"895",4.82969069716355
"896",2.92306957293103
"897",4.9885836537629
"898",4.16251573056807
"899",4.19015708395978
"900",1.369930680762
"901",2.75441221118061
"902",2.92306957293103
"903",5.26441889744183
"904",6.3692120270191
"905",3.6628228463606
"906",6.09284606538993
"907",4.71295735290905
"908",2.92306957293103
"909",4.71295735290905
"910",1.96009184440477
"911",2.92306957293103
"912",0.996962162840275
"913",4.9885836537629
"914",1.369930680762
"915",6.32808616788065
"916",5.26441889744183
"917",4.71295735290905
"918",1.41436208425419
"919",4.82039378826527
"920",4.44712499377949
"921",5.96213729868165
"922",5.41499529510232
"923",4.578387334105
"924",3.55431583131587
"925",6.09284606538993
"926",4.71295735290905
"927",5.81657750071309
"928",6.3692120270191
"929",6.09284606538993
"930",3.9620475065302
"931",6.3692120270191
"932",3.6628228463606
"933",1.96009184440477
"934",3.88773454953736
"935",2.92306957293103
"936",3.55431583131587
"937",4.03202434294282
"938",0.805520793397011
"939",3.6628228463606
"940",2.92306957293103
"941",3.72837844088983
"942",-1.15890301346679
"943",2.75441221118061
"944",0.805520793397011
"945",2.75441221118061
"946",3.55431583131587
"947",2.38894500344001
"948",0.354037798773909
"949",1.98544033411142
"950",1.20545069996656
"951",2.57968779848758
"952",-2.07253116556587
"953",2.38274632957398
"954",2.27109136563948
"955",2.33190986985631
"956",2.65309785062591
"957",3.45655689930356
"958",-1.42714078606399
"959",2.45391853875411
"960",-1.06183455213948
"961",1.85501843540433
"962",-1.84621782196183
"963",0.876419095437337
"964",0.707026664321884
"965",3.59647458615841
"966",0.168838768685434
"967",3.00091139498781
"968",0.600123873368619
"969",3.61411433645854
"970",0.728470298418063
"971",1.65711958354328
"972",1.55773209259256
"973",0.876419095437337
"974",1.14066727869118
"975",1.04132747737736
"976",0.13070658115307
"977",-2.26520839222861
"978",1.81698023159902
"979",0.909212145761411
"980",3.55170928069776
"981",0.956407928568132
"982",4.51982319642837
"983",4.71283014440461
"984",3.03988583068437
"985",3.65358533231738
"986",2.8795357140749
"987",0.294632107301185
"988",3.86637208138365
"989",2.92306957293103
"990",3.57178206353142
"991",1.36993068076198
"992",2.71909174333212
"993",1.0168014024295
"994",3.06335323232735
"995",1.36993068076199
"996",1.4143620842542
"997",4.23961704763275
"998",4.45225722097721
"999",2.22200650861347
"1000",0.294632107301185
"1001",3.57178206353142
"1002",2.93836456423337
"1003",2.66882997371012
"1004",3.57178206353142
"1005",0.919048257389318
"1006",0.442686129566438
"1007",3.50578075734675
"1008",0.442686129566446
"1009",1.4143620842542
"1010",0.442686129566438
"1011",2.7366954660996
"1012",2.92306957293103
"1013",0.294632107301185
"1014",2.00842515939202
"1015",3.3213210389741
"1016",1.41436208425419
"1017",1.74808871155434
"1018",2.66882997371012
"1019",3.65358533231738
"1020",1.74808871155434
"1021",2.66882997371012
"1022",0.996962162840275
"1023",2.92306957293103
"1024",4.70020626532571
"1025",3.53413401846442
"1026",4.16958777969302
"1027",4.19015708395978
"1028",2.66882997371011
"1029",2.12404106275325
"1030",2.66882997371011
"1031",3.65358533231738
"1032",2.92306957293103
"1033",2.92306957293103
"1034",2.92306957293103
"1035",-0.00887824686122862
"1036",3.7227078449582
"1037",0.198477148323362
"1038",0.532214202712283
"1039",0.198477148323362
"1040",1.59784023328044
"1041",1.70182925397594
"1042",0.623927776334617
"1043",2.44523592186542
"1044",0.623927776334617
"1045",2.69499392983031
"1046",2.07526241617371
"1047",-0.00887824686122862
"1048",3.00484263025035
"1049",3.8099019578844
"1050",1.6844644640297
"1051",3.04494167203852
"1052",3.42954761211327
"1053",2.0088950214488
"1054",3.17756500895963
"1055",0.773246657781745
"1056",1.4143620842542
"1057",2.92306957293103
"1058",2.93836456423337
"1059",1.41436208425419
"1060",2.80648762110917
"1061",3.53364471238567
"1062",-1.97592487169432
"1063",2.51326628011891
"1064",0.326775368349535
"1065",1.41436208425419
"1066",2.12404106275325
"1067",2.93836456423337
"1068",4.08710578047263
"1069",-1.47741180160002
"1070",1.36993068076199
"1071",0.996962162840275
"1072",3.53364471238567
"1073",4.42900584206287
"1074",4.41678114940812
"1075",3.58445663853374
"1076",3.65358533231738
"1077",4.34014968939203
"1078",2.99924114018808
"1079",4.39202838039129
"1080",3.16925047910164
"1081",0.996962162840275
"1082",2.80648762110917
"1083",1.4143620842542
"1084",4.19015708395978
"1085",4.08710578047263
"1086",4.16958777969302
"1087",3.86637208138365
"1088",2.32071372751687
"1089",2.48144916447465
"1090",2.7366954660996
"1091",1.4143620842542
"1092",3.8069213367575
"1093",3.58445663853374
"1094",2.99924114018808
"1095",0.773246657781745
"1096",4.41678114940812
"1097",2.70948658543185
"1098",4.1428560246644
"1099",3.11526943108883
"1100",4.02274125897538
"1101",2.66882997371011
"1102",1.84022275445509
"1103",2.48043396946221
"1104",3.76348095598804
"1105",0.88928260728658
"1106",-2.51993069245644
"1107",2.62931346364941
"1108",1.09871588949514
"1109",-2.81970086503806
"1110",2.27865532410428
"1111",0.641931764792312
"1112",3.5213956125326
"1113",1.05356226705942
"1114",1.91351383714143
"1115",4.22052199897509
"1116",2.44636084599313
"1117",0.193589991493862
"1118",2.26595522471337
"1119",2.62931346364941
"1120",2.71378755402281
"1121",2.26291561376881
"1122",-0.718999575904701
"1123",2.61032069813612
"1124",2.53847055135228
"1125",0.623762317562198
"1126",1.89107370124338
"1127",2.66882997371012
"1128",4.04796481208767
"1129",2.80648762110917
"1130",4.2256691538107
"1131",1.369930680762
"1132",0.294632107301185
"1133",0.294632107301185
"1134",2.80648762110917
"1135",2.00842515939202
"1136",0.623762317562198
"1137",1.89107370124338
"1138",2.70948658543185
"1139",2.66882997371012
"1140",0.623762317562198
"1141",1.41436208425418
"1142",3.15232418951956
"1143",0.623762317562192
"1144",1.369930680762
"1145",0.996962162840275
"1146",3.15232418951956
"1147",1.89107370124338
"1148",0.623762317562192
"1149",1.41436208425418
"1150",0.773246657781745
"1151",-0.495915268226476
"1152",0.623762317562192
"1153",3.06335323232735
"1154",3.52868237162645
"1155",1.89107370124338
"1156",0.996962162840275
"1157",4.58637011518626
"1158",0.996962162840275
"1159",0.294632107301185
"1160",0.623762317562192
"1161",3.48884558742919
"1162",4.19015708395978
"1163",1.41436208425418
"1164",-0.495915268226462
"1165",0.294632107301185
"1166",3.52868237162645
"1167",2.63843815147596
"1168",0.996962162840275
"1169",2.70948658543186
"1170",2.00842515939202
"1171",3.04512960241385
"1172",4.08710578047263
"1173",3.48884558742919
"1174",4.19015708395978
"1175",0.60451011901014
"1176",3.95302426264241
"1177",3.46450015189727
"1178",4.41432216499791
"1179",2.33067235919016
"1180",3.67009007212181
"1181",4.26388222089244
"1182",-2.18703255064601
"1183",0.532395387850563
"1184",2.68847773664482
"1185",1.33377952509957
"1186",2.75609847611348
"1187",3.15821450159865
"1188",1.1457816153968
"1189",1.1457816153968
"1190",3.12590524056442
"1191",2.8975660509938
"1192",1.29377168835746
"1193",0.812020231115569
"1194",2.25174548074924
"1195",1.0168014024295
"1196",2.68635899506747
"1197",0.294632107301185
"1198",4.62441786230972
"1199",3.13965473233221
"1200",2.22200650861347
"1201",0.805520793397008
"1202",1.7810946511241
"1203",2.00842515939202
"1204",2.63843815147596
"1205",0.294632107301185
"1206",3.9620475065302
"1207",4.19015708395978
"1208",2.81217532188981
"1209",2.55848009896814
"1210",-0.886597307752848
"1211",3.04512960241385
"1212",-2.1419575138615
"1213",-1.47741180159997
"1214",3.6628228463606
"1215",1.22786790644988
"1216",3.04512960241385
"1217",3.72837844088983
"1218",2.63843815147597
"1219",0.623762317562185
"1220",0.587099374554697
"1221",5.89882309714599
"1222",2.87621357292046
"1223",1.84022275445509
"1224",3.38361700185199
"1225",3.17367559233955
"1226",1.59618514818532
"1227",0.294632107301189
"1228",2.66498471527295
"1229",2.46001471637168
"1230",3.86598343749932
"1231",0.805520793397008
"1232",0.858483565956083
"1233",0.0334093886692537
"1234",3.85820219787379
"1235",-2.14195751386147
"1236",1.59618514818532
"1237",2.90731822365578
"1238",3.00421872992249
"1239",0.805520793397008
"1240",1.22786790644988
"1241",-1.9759248716944
"1242",3.04512960241385
"1243",0.996962162840275
"1244",1.59618514818532
"1245",3.53364471238567
"1246",2.00842515939202
"1247",4.45915571579654
"1248",1.22786790644988
"1249",2.00842515939202
"1250",0.773246657781751
"1251",3.04512960241385
"1252",2.46001471637168
"1253",2.00842515939202
"1254",0.739283786555269
"1255",0.294632107301185
"1256",3.53364471238567
"1257",2.99924114018808
"1258",2.63843815147596
"1259",1.89107370124339
"1260",0.294632107301185
"1261",3.04512960241385
"1262",4.32162459886029
"1263",0.294632107301185
"1264",1.15482436615194
"1265",4.90163286183732
"1266",3.72837844088983
"1267",0.739283786555269
"1268",5.09820927739606
"1269",3.57178206353142
"1270",3.04512960241385
"1271",3.7960647929401
"1272",2.63843815147596
"1273",2.7009331238699
"1274",-2.12158661718591
"1275",2.17063764445238
"1276",1.96581923549515
"1277",0.499599041238922
"1278",0.499599041238922
"1279",2.26352425780385
"1280",-1.5940236173059
"1281",-0.14186836077036
"1282",1.29182155683815
"1283",-1.5940236173059
"1284",3.77758078352086
"1285",1.74758863144053
"1286",2.40881429854388
"1287",1.97805756152358
"1288",3.00363928297489
"1289",0.620251936091517
"1290",1.8225847852233
"1291",0.705902624240196
"1292",3.97398140664289
"1293",-0.692373034921836
"1294",2.12365571806085
"1295",2.71909174333212
"1296",3.65358533231738
"1297",3.04512960241385
"1298",2.00842515939202
"1299",2.66882997371012
"1300",3.32530406516125
"1301",1.89107370124338
"1302",1.43781985961398
"1303",3.04512960241385
"1304",0.996962162840275
"1305",0.739283786555266
"1306",1.70230598194968
"1307",1.87397793835038
"1308",4.23961704763275
"1309",2.70948658543185
"1310",0.996962162840275
"1311",4.42900584206287
"1312",2.32071372751687
"1313",0.442686129566438
"1314",1.41648680598508
"1315",3.17367559233955
"1316",5.89882309714599
"1317",1.0168014024295
"1318",3.15232418951956
"1319",2.22200650861347
"1320",1.36993068076199
"1321",0.739283786555269
"1322",0.773246657781745
"1323",-0.166717252111433
"1324",4.50242089634804
"1325",0.442686129566446
"1326",3.17367559233955
"1327",1.96009184440477
"1328",2.93836456423336
"1329",2.19555330934796
"1330",2.39347301358318
"1331",0.442686129566446
"1332",0.739283786555269
"1333",3.65358533231738
"1334",1.84022275445509
"1335",1.84022275445509
"1336",2.30420607667682
"1337",3.56115717990153
"1338",2.7366954660996
"1339",0.704967058032962
"1340",0.739283786555266
"1341",0.0134449929386267
"1342",1.89107370124338
"1343",3.05957179135076
"1344",4.03202434294282
"1345",1.29064994644409
"1346",3.04512960241385
"1347",2.72903224988272
"1348",0.996962162840275
"1349",2.08428102044824
"1350",2.63060082515543
"1351",-0.774523987516685
"1352",0.739283786555266
"1353",1.34481127303058
"1354",3.68086291529782
"1355",2.19324416630387
"1356",-0.56346986864869
"1357",3.6628228463606
"1358",1.49028660024251
"1359",0.858483565956077
"1360",-1.68480879111946
"1361",3.72837844088983
"1362",0.080195779180258
"1363",3.88993943276556
"1364",0.664101839560561
"1365",2.11678097753337
"1366",1.84180468328155
"1367",3.6791363801876
"1368",1.84022275445509
"1369",2.91455872127874
"1370",3.06335323232735
"1371",2.76831805337595
"1372",2.7366954660996
"1373",1.87397793835038
"1374",-1.19472902416949
"1375",1.87397793835038
"1376",1.84022275445509
"1377",3.13965473233221
"1378",0.739283786555266
"1379",2.71909174333213
"1380",2.44277593332651
"1381",3.76389821320082
"1382",3.9620475065302
"1383",0.739283786555266
"1384",0.739283786555266
"1385",1.93681040589869
"1386",0.630245160642969
"1387",1.90258786469345
"1388",1.7132704036881
"1389",2.52075728312998
"1390",2.18986268302455
"1391",2.41572820518839
"1392",3.28942558854954
"1393",0.355053442908925
"1394",2.95925615018421
"1395",1.88259587741568
"1396",1.88837192428131
"1397",3.55453763441734
"1398",3.3814795960974
"1399",3.29151053405737
"1400",4.06964792184067
"1401",2.49514591353889
"1402",0.93667574893533
"1403",1.32216879165802
"1404",2.49514591353889
